Bernd Leno,2,19,1,Goalkeeper,Germany,26,1992-03-04,190,83,https://premierleague-static-files.s3.amazonaws.com/premierleague/photos/players/250x250/p80201.png,0,0
Emiliano Martínez,3,26,1,Goalkeeper,Argentina,26,1992-09-02,195,88,https://premierleague-static-files.s3.amazonaws.com/premierleague/photos/players/250x250/p98980.png,0,0
Dejan Iliev,4,50,1,Goalkeeper,Macedonia,23,1995-02-25,195,87,https://premierleague-static-files.s3.amazonaws.com/premierleague/photos/players/250x250/p153122.png,0,0
Héctor Bellerín,5,2,1,Defender,Spain,23,1995-03-19,178,74,https://premierleague-static-files.s3.amazonaws.com/premierleague/photos/players/250x250/p98745.png,0,0
Laurent Koscielny,6,6,1,Defender,France,33,1985-09-10,186,75,https://premierleague-static-files.s3.amazonaws.com/premierleague/photos/players/250x250/p51507.png,0,0
Rob Holding,7,16,1,Defender,England,23,1995-09-20,189,75,https://premierleague-static-files.s3.amazonaws.com/premierleague/photos/players/250x250/p156074.png,0,0
Nacho Monreal,8,18,1,Defender,Spain,32,1986-02-26,179,72,https://premierleague-static-files.s3.amazonaws.com/premierleague/photos/players/250x250/p38411.png,0,0
Shkodran Mustafi,9,20,1,Defender,Germany,26,1992-04-17,184,82,https://premierleague-static-files.s3.amazonaws.com/premierleague/photos/players/250x250/p69140.png,0,0
Konstantinos Mavropanos,10,27,1,Defender,Greece,21,1997-12-11,194,88,https://premierleague-static-files.s3.amazonaws.com/premierleague/photos/players/250x250/p233963.png,0,0
Sead Kolasinac,11,31,1,Defender,Bosnia And Herzegovina,25,1993-06-20,183,85,https://premierleague-static-files.s3.amazonaws.com/premierleague/photos/players/250x250/p111457.png,0,0
Stephan Lichtsteiner,12,12,1,Defender,Switzerland,34,1984-01-16,182,76,https://premierleague-static-files.s3.amazonaws.com/premierleague/photos/players/250x250/p27335.png,0,0
Carl Jenkinson,13,22,1,Defender,England,26,1992-02-08,185,77,https://premierleague-static-files.s3.amazonaws.com/premierleague/photos/players/250x250/p80254.png,0,0
Sokratis,14,5,1,Defender,Greece,30,1988-06-09,186,85,https://premierleague-static-files.s3.amazonaws.com/premierleague/photos/players/250x250/p39476.png,0,0
Mohamed Elneny,15,4,1,Midfielder,Egypt,26,1992-07-11,180,73,https://premierleague-static-files.s3.amazonaws.com/premierleague/photos/players/250x250/p153256.png,0,0
Henrikh Mkhitaryan,16,7,1,Midfielder,Armenia,29,1989-01-21,177,75,https://premierleague-static-files.s3.amazonaws.com/premierleague/photos/players/250x250/p57249.png,0,0
Aaron Ramsey,17,8,1,Midfielder,Wales,28,1990-12-26,178,76,https://premierleague-static-files.s3.amazonaws.com/premierleague/photos/players/250x250/p41792.png,0,0
Mesut Özil,18,10,1,Midfielder,Germany,30,1988-10-15,180,76,https://premierleague-static-files.s3.amazonaws.com/premierleague/photos/players/250x250/p37605.png,0,0
Alex Iwobi,19,17,1,Midfielder,Nigeria,22,1996-05-03,180,75,https://premierleague-static-files.s3.amazonaws.com/premierleague/photos/players/250x250/p153133.png,0,0
Ainsley Maitland-Niles,20,15,1,Midfielder,England,21,1997-08-29,177,71,https://premierleague-static-files.s3.amazonaws.com/premierleague/photos/players/250x250/p154043.png,0,0
Granit Xhaka,21,34,1,Midfielder,Switzerland,26,1992-09-27,185,82,https://premierleague-static-files.s3.amazonaws.com/premierleague/photos/players/250x250/p84450.png,0,0
Lucas Torreira,22,11,1,Midfielder,Uruguay,22,1996-02-11,168,64,https://premierleague-static-files.s3.amazonaws.com/premierleague/photos/players/250x250/p198849.png,0,0
Matteo Guendouzi,23,29,1,Midfielder,France,19,1999-04-14,185,64,https://premierleague-static-files.s3.amazonaws.com/premierleague/photos/players/250x250/p242166.png,0,0
Joe Willock,24,59,1,Midfielder,England,19,1999-08-20,179,71,https://premierleague-static-files.s3.amazonaws.com/premierleague/photos/players/250x250/p200089.png,0,0
Alexandre Lacazette,25,9,1,Forward,France,27,1991-05-28,175,73,https://premierleague-static-files.s3.amazonaws.com/premierleague/photos/players/250x250/p59966.png,0,0
Pierre-Emerick Aubameyang,26,14,1,Forward,Gabon,29,1989-06-18,187,80,https://premierleague-static-files.s3.amazonaws.com/premierleague/photos/players/250x250/p54694.png,0,0
Danny Welbeck,27,23,1,Forward,England,28,1990-11-26,185,73,https://premierleague-static-files.s3.amazonaws.com/premierleague/photos/players/250x250/p50175.png,0,0
Eddie Nketiah,28,49,1,Forward,England,19,1999-05-30,175,72,https://premierleague-static-files.s3.amazonaws.com/premierleague/photos/players/250x250/p205533.png,0,0
Artur Boruc,29,1,2,Goalkeeper,Poland,38,1980-02-20,193,87,https://premierleague-static-files.s3.amazonaws.com/premierleague/photos/players/250x250/p18726.png,0,0
Asmir Begovic,30,27,2,Goalkeeper,Bosnia And Herzegovina,31,1987-06-20,199,101,https://premierleague-static-files.s3.amazonaws.com/premierleague/photos/players/250x250/p40349.png,0,0
Aaron Ramsdale,31,12,2,Goalkeeper,England,20,1998-05-14,188,77,https://premierleague-static-files.s3.amazonaws.com/premierleague/photos/players/250x250/p225321.png,0,0
Simon Francis,32,2,2,Defender,England,33,1985-02-16,183,90,https://premierleague-static-files.s3.amazonaws.com/premierleague/photos/players/250x250/p15149.png,0,0
Steve Cook,33,3,2,Defender,England,27,1991-04-19,185,82,https://premierleague-static-files.s3.amazonaws.com/premierleague/photos/players/250x250/p56917.png,0,0
Nathan Aké,34,5,2,Defender,Netherlands,23,1995-02-18,180,75,https://premierleague-static-files.s3.amazonaws.com/premierleague/photos/players/250x250/p126184.png,0,0
Charlie Daniels,35,11,2,Defender,England,32,1986-09-07,178,75,https://premierleague-static-files.s3.amazonaws.com/premierleague/photos/players/250x250/p41320.png,0,0
Adam Smith,36,15,2,Defender,England,27,1991-04-29,180,78,https://premierleague-static-files.s3.amazonaws.com/premierleague/photos/players/250x250/p54469.png,0,0
Tyrone Mings,37,26,2,Defender,England,25,1993-03-13,191,77,https://premierleague-static-files.s3.amazonaws.com/premierleague/photos/players/250x250/p149484.png,0,0
Jack Simpson,38,25,2,Defender,England,22,1996-12-18,178,83,https://premierleague-static-files.s3.amazonaws.com/premierleague/photos/players/250x250/p222434.png,0,0
Diego Rico,39,21,2,Defender,Spain,25,1993-02-23,183,76,https://platform-static-files.s3.amazonaws.com/premierleague/photos/players/250x250/Photo-Missing.png,0,0
Dan Gosling,40,4,2,Midfielder,England,28,1990-02-01,183,79,https://premierleague-static-files.s3.amazonaws.com/premierleague/photos/players/250x250/p40387.png,0,0
Andrew Surman,41,6,2,Midfielder,England,32,1986-08-20,178,73,https://premierleague-static-files.s3.amazonaws.com/premierleague/photos/players/250x250/p15237.png,0,0
Marc Pugh,42,7,2,Midfielder,England,31,1987-04-02,180,72,https://premierleague-static-files.s3.amazonaws.com/premierleague/photos/players/250x250/p20037.png,0,0
Lewis Cook,43,16,2,Midfielder,England,21,1997-02-03,175,71,https://premierleague-static-files.s3.amazonaws.com/premierleague/photos/players/250x250/p155408.png,0,0
Junior Stanislas,44,19,2,Midfielder,England,29,1989-11-26,183,76,https://premierleague-static-files.s3.amazonaws.com/premierleague/photos/players/250x250/p56872.png,0,0
Ryan Fraser,45,24,2,Midfielder,Scotland,24,1994-02-24,163,70,https://premierleague-static-files.s3.amazonaws.com/premierleague/photos/players/250x250/p90105.png,0,0
Jordon Ibe,46,10,2,Midfielder,England,23,1995-12-08,176,81,https://premierleague-static-files.s3.amazonaws.com/premierleague/photos/players/250x250/p103912.png,0,0
David Brooks,47,20,2,Midfielder,Wales,21,1997-07-08,173,62,https://premierleague-static-files.s3.amazonaws.com/premierleague/photos/players/250x250/p111317.png,0,0
Jefferson Lerma,48,8,2,Midfielder,Colombia,24,1994-10-25,179,70,https://premierleague-static-files.s3.amazonaws.com/premierleague/photos/players/250x250/p152551.png,0,0
Callum Wilson,49,13,2,Forward,England,26,1992-02-27,180,66,https://premierleague-static-files.s3.amazonaws.com/premierleague/photos/players/250x250/p75115.png,0,0
Joshua King,50,17,2,Forward,Norway,26,1992-01-15,180,74,https://premierleague-static-files.s3.amazonaws.com/premierleague/photos/players/250x250/p78007.png,0,0
Jermain Defoe,51,18,2,Forward,England,36,1982-10-07,171,65,https://premierleague-static-files.s3.amazonaws.com/premierleague/photos/players/250x250/p7958.png,0,0
Lys Mousset,52,9,2,Forward,France,22,1996-02-08,184,80,https://premierleague-static-files.s3.amazonaws.com/premierleague/photos/players/250x250/p178304.png,0,0
Mat Ryan,53,1,3,Goalkeeper,Australia,26,1992-04-08,184,82,https://premierleague-static-files.s3.amazonaws.com/premierleague/photos/players/250x250/p131897.png,0,0
Jason Steele,54,23,3,Goalkeeper,England,28,1990-08-18,188,79,https://premierleague-static-files.s3.amazonaws.com/premierleague/photos/players/250x250/p49262.png,0,0
David Button,55,27,3,Goalkeeper,England,29,1989-02-27,191,87,https://premierleague-static-files.s3.amazonaws.com/premierleague/photos/players/250x250/p50093.png,0,0
Bruno,56,2,3,Defender,Spain,38,1980-10-01,181,76,https://premierleague-static-files.s3.amazonaws.com/premierleague/photos/players/250x250/p11352.png,0,0
Gaëtan Bong,57,3,3,Defender,Cameroon,30,1988-04-25,187,74,https://premierleague-static-files.s3.amazonaws.com/premierleague/photos/players/250x250/p42748.png,0,0
Lewis Dunk,58,5,3,Defender,England,27,1991-11-21,192,88,https://premierleague-static-files.s3.amazonaws.com/premierleague/photos/players/250x250/p83299.png,0,0
Ezequiel Schelotto,59,21,3,Defender,Italy,29,1989-05-23,187,77,https://premierleague-static-files.s3.amazonaws.com/premierleague/photos/players/250x250/p74375.png,0,0
Shane Duffy,60,4,3,Defender,Ireland,26,1992-01-01,193,76,https://premierleague-static-files.s3.amazonaws.com/premierleague/photos/players/250x250/p61933.png,0,0
Markus Suttner,61,29,3,Defender,Austria,31,1987-04-16,179,73,https://premierleague-static-files.s3.amazonaws.com/premierleague/photos/players/250x250/p43808.png,0,0
Leon Balogun,62,14,3,Defender,Nigeria,30,1988-06-28,190,88,https://premierleague-static-files.s3.amazonaws.com/premierleague/photos/players/250x250/p52484.png,0,0
Bernardo,63,30,3,Defender,Brazil,23,1995-05-14,186,76,https://premierleague-static-files.s3.amazonaws.com/premierleague/photos/players/250x250/p209362.png,0,0
Martín Montoya,64,22,3,Defender,Spain,27,1991-04-14,175,73,https://premierleague-static-files.s3.amazonaws.com/premierleague/photos/players/250x250/p86153.png,0,0
Dale Stephens,65,6,3,Midfielder,England,29,1989-06-12,169,71,https://premierleague-static-files.s3.amazonaws.com/premierleague/photos/players/250x250/p40845.png,0,0
Beram Kayal,66,7,3,Midfielder,Israel,30,1988-05-02,178,74,https://premierleague-static-files.s3.amazonaws.com/premierleague/photos/players/250x250/p38490.png,0,0
Anthony Knockaert,67,11,3,Midfielder,France,27,1991-11-20,172,69,https://premierleague-static-files.s3.amazonaws.com/premierleague/photos/players/250x250/p83543.png,0,0
Pascal Groß,68,13,3,Midfielder,Germany,27,1991-06-15,181,78,https://premierleague-static-files.s3.amazonaws.com/premierleague/photos/players/250x250/p60307.png,0,0
Solly March,69,20,3,Midfielder,England,24,1994-07-20,180,88,https://premierleague-static-files.s3.amazonaws.com/premierleague/photos/players/250x250/p109345.png,0,0
Davy Pröpper,70,24,3,Midfielder,Netherlands,27,1991-09-02,185,79,https://premierleague-static-files.s3.amazonaws.com/premierleague/photos/players/250x250/p66242.png,0,0
Yves Bissouma,71,8,3,Midfielder,Mali,22,1996-08-30,182,80,https://premierleague-static-files.s3.amazonaws.com/premierleague/photos/players/250x250/p227127.png,0,0
Glenn Murray,72,17,3,Forward,England,35,1983-09-25,183,80,https://premierleague-static-files.s3.amazonaws.com/premierleague/photos/players/250x250/p20529.png,0,0
José Izquierdo,73,19,3,Forward,Colombia,26,1992-07-07,171,73,https://premierleague-static-files.s3.amazonaws.com/premierleague/photos/players/250x250/p167473.png,0,0
Jürgen Locadia,74,9,3,Forward,Netherlands,25,1993-11-07,185,87,https://premierleague-static-files.s3.amazonaws.com/premierleague/photos/players/250x250/p106757.png,0,0
Florin Andone,75,10,3,Forward,Romania,25,1993-04-11,180,78,https://premierleague-static-files.s3.amazonaws.com/premierleague/photos/players/250x250/p93284.png,0,0
Alireza Jahanbakhsh,76,16,3,Forward,Iran,25,1993-08-11,180,77,https://premierleague-static-files.s3.amazonaws.com/premierleague/photos/players/250x250/p165210.png,0,0
Tom Heaton,77,1,4,Goalkeeper,England,32,1986-04-15,188,85,https://premierleague-static-files.s3.amazonaws.com/premierleague/photos/players/250x250/p21205.png,0,0
Anders Lindegaard,78,22,4,Goalkeeper,Denmark,34,1984-04-13,193,80,https://premierleague-static-files.s3.amazonaws.com/premierleague/photos/players/250x250/p39725.png,0,0
Nick Pope,79,29,4,Goalkeeper,England,26,1992-04-19,191,76,https://premierleague-static-files.s3.amazonaws.com/premierleague/photos/players/250x250/p98747.png,0,0
Adam Legzdins,80,30,4,Goalkeeper,England,32,1986-11-28,190,78,https://premierleague-static-files.s3.amazonaws.com/premierleague/photos/players/250x250/p28609.png,0,0
Joe Hart,81,20,4,Goalkeeper,England,31,1987-04-19,196,91,https://premierleague-static-files.s3.amazonaws.com/premierleague/photos/players/250x250/p15749.png,0,0
Matthew Lowton,82,2,4,Defender,England,29,1989-06-09,180,78,https://platform-static-files.s3.amazonaws.com/premierleague/photos/players/250x250/Photo-Missing.png,0,0
Charlie Taylor,83,3,4,Defender,England,25,1993-09-18,176,70,https://premierleague-static-files.s3.amazonaws.com/premierleague/photos/players/250x250/p103914.png,0,0
James Tarkowski,84,5,4,Defender,England,26,1992-11-19,185,81,https://premierleague-static-files.s3.amazonaws.com/premierleague/photos/players/250x250/p17761.png,0,0
Ben Mee,85,6,4,Defender,England,29,1989-09-21,180,74,https://premierleague-static-files.s3.amazonaws.com/premierleague/photos/players/250x250/p51927.png,0,0
Stephen Ward,86,23,4,Defender,Ireland,33,1985-08-20,184,82,https://premierleague-static-files.s3.amazonaws.com/premierleague/photos/players/250x250/p40616.png,0,0
Phil Bardsley,87,26,4,Defender,Scotland,33,1985-06-28,180,74,https://premierleague-static-files.s3.amazonaws.com/premierleague/photos/players/250x250/p17997.png,0,0
Kevin Long,88,28,4,Defender,Ireland,28,1990-08-18,188,83,https://premierleague-static-files.s3.amazonaws.com/premierleague/photos/players/250x250/p41674.png,0,0
Ben Gibson,89,14,4,Defender,England,25,1993-01-15,185,78,https://premierleague-static-files.s3.amazonaws.com/premierleague/photos/players/250x250/p83312.png,0,0
Jack Cork,90,4,4,Midfielder,England,29,1989-06-25,183,70,https://premierleague-static-files.s3.amazonaws.com/premierleague/photos/players/250x250/p40145.png,0,0
Robbie Brady,91,12,4,Midfielder,Ireland,26,1992-01-14,176,71,https://premierleague-static-files.s3.amazonaws.com/premierleague/photos/players/250x250/p90517.png,0,0
Jeff Hendrick,92,13,4,Midfielder,Ireland,26,1992-01-31,185,79,https://premierleague-static-files.s3.amazonaws.com/premierleague/photos/players/250x250/p83314.png,0,0
Steven Defour,93,16,4,Midfielder,Belgium,30,1988-04-15,173,65,https://premierleague-static-files.s3.amazonaws.com/premierleague/photos/players/250x250/p39847.png,0,0
Johann Gudmundsson,94,7,4,Midfielder,Iceland,28,1990-10-27,186,78,https://premierleague-static-files.s3.amazonaws.com/premierleague/photos/players/250x250/p60586.png,0,0
Ashley Westwood,95,18,4,Midfielder,England,28,1990-04-01,175,80,https://premierleague-static-files.s3.amazonaws.com/premierleague/photos/players/250x250/p60551.png,0,0
Aaron Lennon,96,25,4,Midfielder,England,31,1987-04-16,165,63,https://premierleague-static-files.s3.amazonaws.com/premierleague/photos/players/250x250/p17349.png,0,0
Sam Vokes,97,9,4,Forward,Wales,29,1989-10-21,186,90,https://premierleague-static-files.s3.amazonaws.com/premierleague/photos/players/250x250/p40399.png,0,0
Ashley Barnes,98,10,4,Forward,Austria,29,1989-10-30,186,77,https://premierleague-static-files.s3.amazonaws.com/premierleague/photos/players/250x250/p44699.png,0,0
Chris Wood,99,11,4,Forward,New Zealand,27,1991-12-07,191,81,https://premierleague-static-files.s3.amazonaws.com/premierleague/photos/players/250x250/p60689.png,0,0
Daniel Agyei,100,22,4,Forward,England,21,1997-06-01,183,77,https://premierleague-static-files.s3.amazonaws.com/premierleague/photos/players/250x250/p207725.png,0,0
Matej Vydra,101,27,4,Forward,Czech Republic,26,1992-05-01,180,71,https://premierleague-static-files.s3.amazonaws.com/premierleague/photos/players/250x250/p81183.png,0,0
Neil Etheridge,102,1,5,Goalkeeper,Philippines,28,1990-02-07,188,90,https://premierleague-static-files.s3.amazonaws.com/premierleague/photos/players/250x250/p88734.png,0,0
Alex Smithies,103,12,5,Goalkeeper,England,28,1990-03-05,185,84,https://premierleague-static-files.s3.amazonaws.com/premierleague/photos/players/250x250/p45220.png,0,0
Brian Murphy,104,28,5,Goalkeeper,Ireland,35,1983-05-07,183,83,https://premierleague-static-files.s3.amazonaws.com/premierleague/photos/players/250x250/p10589.png,0,0
Lee Peltier,105,2,5,Defender,England,32,1986-12-11,178,73,https://premierleague-static-files.s3.amazonaws.com/premierleague/photos/players/250x250/p38716.png,0,0
Joe Bennett,106,3,5,Defender,England,28,1990-03-28,183,74,https://premierleague-static-files.s3.amazonaws.com/premierleague/photos/players/250x250/p56981.png,0,0
Sean Morrison,107,4,5,Defender,England,27,1991-01-08,193,89,https://premierleague-static-files.s3.amazonaws.com/premierleague/photos/players/250x250/p49982.png,0,0
Bruno Ecuele Manga,108,5,5,Defender,Gabon,30,1988-07-16,186,76,https://premierleague-static-files.s3.amazonaws.com/premierleague/photos/players/250x250/p49382.png,0,0
Jazz Richards,109,6,5,Defender,Wales,27,1991-04-12,185,78,https://premierleague-static-files.s3.amazonaws.com/premierleague/photos/players/250x250/p73459.png,0,0
Sol Bamba,110,22,5,Defender,Cote D'Ivoire,33,1985-01-13,190,90,https://premierleague-static-files.s3.amazonaws.com/premierleague/photos/players/250x250/p19523.png,0,0
Matthew Connolly,111,16,5,Defender,England,31,1987-09-24,188,84,https://premierleague-static-files.s3.amazonaws.com/premierleague/photos/players/250x250/p27698.png,0,0
Callum Paterson,112,13,5,Defender,Scotland,24,1994-10-13,183,76,https://premierleague-static-files.s3.amazonaws.com/premierleague/photos/players/250x250/p122797.png,0,0
Greg Cunningham,113,18,5,Defender,Ireland,27,1991-01-31,183,77,https://premierleague-static-files.s3.amazonaws.com/premierleague/photos/players/250x250/p80792.png,0,0
Joe Ralls,114,8,5,Midfielder,England,25,1993-10-12,183,70,https://premierleague-static-files.s3.amazonaws.com/premierleague/photos/players/250x250/p104073.png,0,0
Kadeem Harris,115,23,5,Midfielder,England,25,1993-06-08,175,67,https://premierleague-static-files.s3.amazonaws.com/premierleague/photos/players/250x250/p78911.png,0,0
Loïc Damour,116,20,5,Midfielder,France,27,1991-01-08,180,74,https://premierleague-static-files.s3.amazonaws.com/premierleague/photos/players/250x250/p54527.png,0,0
Josh Murphy,117,11,5,Midfielder,England,23,1995-02-24,173,67,https://premierleague-static-files.s3.amazonaws.com/premierleague/photos/players/250x250/p114245.png,0,0
Bobby Reid,118,14,5,Midfielder,England,25,1993-02-02,170,68,https://premierleague-static-files.s3.amazonaws.com/premierleague/photos/players/250x250/p96994.png,0,0
Aron Gunnarsson,119,17,5,Midfielder,Iceland,29,1989-04-22,178,70,https://premierleague-static-files.s3.amazonaws.com/premierleague/photos/players/250x250/p49845.png,0,0
Víctor Camarasa,120,21,5,Midfielder,Spain,24,1994-05-28,183,76,https://premierleague-static-files.s3.amazonaws.com/premierleague/photos/players/250x250/p175946.png,0,0
Harry Arter,121,7,5,Midfielder,Ireland,28,1989-12-28,176,70,https://premierleague-static-files.s3.amazonaws.com/premierleague/photos/players/250x250/p48615.png,0,0
Danny Ward,122,9,5,Forward,England,27,1991-12-11,178,72,https://premierleague-static-files.s3.amazonaws.com/premierleague/photos/players/250x250/p75826.png,0,0
Kenneth Zohore,123,10,5,Forward,Denmark,24,1994-01-31,189,92,https://premierleague-static-files.s3.amazonaws.com/premierleague/photos/players/250x250/p82078.png,0,0
Nathaniel Mendez-Laing,124,19,5,Forward,England,26,1992-04-15,180,77,https://premierleague-static-files.s3.amazonaws.com/premierleague/photos/players/250x250/p76360.png,0,0
David Junior Hoilett,125,33,5,Forward,Canada,28,1990-06-05,173,70,https://premierleague-static-files.s3.amazonaws.com/premierleague/photos/players/250x250/p49806.png,0,0
Gary Madine,126,24,5,Forward,England,28,1990-08-24,193,80,https://platform-static-files.s3.amazonaws.com/premierleague/photos/players/250x250/Photo-Missing.png,0,0
Willy Caballero,127,13,6,Goalkeeper,Argentina,37,1981-09-28,186,81,https://premierleague-static-files.s3.amazonaws.com/premierleague/photos/players/250x250/p20310.png,0,0
Robert Green,128,31,6,Goalkeeper,England,38,1980-01-18,187,93,https://premierleague-static-files.s3.amazonaws.com/premierleague/photos/players/250x250/p1243.png,0,0
Kepa Arrizabalaga,129,1,6,Goalkeeper,Spain,24,1994-10-03,189,84,https://premierleague-static-files.s3.amazonaws.com/premierleague/photos/players/250x250/p109745.png,0,0
Antonio Rüdiger,130,2,6,Defender,Germany,25,1993-03-03,190,85,https://premierleague-static-files.s3.amazonaws.com/premierleague/photos/players/250x250/p102380.png,0,0
Marcos Alonso,131,3,6,Defender,Spain,27,1990-12-28,188,84,https://premierleague-static-files.s3.amazonaws.com/premierleague/photos/players/250x250/p82263.png,0,0
Victor Moses,132,15,6,Defender,Nigeria,28,1990-12-12,177,79,https://premierleague-static-files.s3.amazonaws.com/premierleague/photos/players/250x250/p49013.png,0,0
Davide Zappacosta,133,21,6,Defender,Italy,26,1992-06-11,185,70,https://premierleague-static-files.s3.amazonaws.com/premierleague/photos/players/250x250/p105700.png,0,0
Gary Cahill,134,24,6,Defender,England,33,1985-12-19,193,86,https://premierleague-static-files.s3.amazonaws.com/premierleague/photos/players/250x250/p19419.png,0,0
Andreas Christensen,135,27,6,Defender,Denmark,22,1996-04-10,188,78,https://premierleague-static-files.s3.amazonaws.com/premierleague/photos/players/250x250/p135363.png,0,0
César Azpilicueta,136,28,6,Defender,Spain,29,1989-08-28,178,76,https://premierleague-static-files.s3.amazonaws.com/premierleague/photos/players/250x250/p41328.png,0,0
David Luiz,137,30,6,Defender,Brazil,31,1987-04-22,189,84,https://premierleague-static-files.s3.amazonaws.com/premierleague/photos/players/250x250/p41270.png,0,0
Emerson,138,33,6,Defender,Italy,24,1994-08-03,176,63,https://premierleague-static-files.s3.amazonaws.com/premierleague/photos/players/250x250/p109533.png,0,0
Ethan Ampadu,139,44,6,Defender,Wales,18,2000-09-14,183,78,https://premierleague-static-files.s3.amazonaws.com/premierleague/photos/players/250x250/p199598.png,0,0
Cesc Fàbregas,140,4,6,Midfielder,Spain,31,1987-05-04,180,77,https://premierleague-static-files.s3.amazonaws.com/premierleague/photos/players/250x250/p17878.png,0,0
Daniel Drinkwater,141,6,6,Midfielder,England,28,1990-03-05,178,79,https://premierleague-static-files.s3.amazonaws.com/premierleague/photos/players/250x250/p61603.png,0,0
N'Golo Kanté,142,7,6,Midfielder,France,27,1991-03-29,168,68,https://premierleague-static-files.s3.amazonaws.com/premierleague/photos/players/250x250/p116594.png,0,0
Ross Barkley,143,8,6,Midfielder,England,25,1993-12-05,189,76,https://premierleague-static-files.s3.amazonaws.com/premierleague/photos/players/250x250/p88894.png,0,0
Ruben Loftus-Cheek,144,12,6,Midfielder,England,22,1996-01-23,191,88,https://premierleague-static-files.s3.amazonaws.com/premierleague/photos/players/250x250/p126187.png,0,0
Jorginho,145,5,6,Midfielder,Italy,27,1991-12-20,180,65,https://premierleague-static-files.s3.amazonaws.com/premierleague/photos/players/250x250/p85955.png,0,0
Mateo Kovacic,146,17,6,Midfielder,Croatia,24,1994-05-06,178,78,https://premierleague-static-files.s3.amazonaws.com/premierleague/photos/players/250x250/p91651.png,0,0
Álvaro Morata,147,29,6,Forward,Spain,26,1992-10-23,189,85,https://premierleague-static-files.s3.amazonaws.com/premierleague/photos/players/250x250/p88482.png,0,0
Eden Hazard,148,10,6,Forward,Belgium,27,1991-01-07,173,76,https://premierleague-static-files.s3.amazonaws.com/premierleague/photos/players/250x250/p42786.png,0,0
Pedro,149,11,6,Forward,Spain,31,1987-07-28,169,65,https://premierleague-static-files.s3.amazonaws.com/premierleague/photos/players/250x250/p49579.png,0,0
Olivier Giroud,150,18,6,Forward,France,32,1986-09-30,192,93,https://premierleague-static-files.s3.amazonaws.com/premierleague/photos/players/250x250/p44346.png,0,0
Willian,151,22,6,Forward,Brazil,30,1988-08-09,175,77,https://premierleague-static-files.s3.amazonaws.com/premierleague/photos/players/250x250/p47431.png,0,0
Callum Hudson-Odoi,152,20,6,Forward,England,18,2000-11-07,182,76,https://premierleague-static-files.s3.amazonaws.com/premierleague/photos/players/250x250/p209046.png,0,0
Julian Speroni,153,1,7,Goalkeeper,Argentina,39,1979-05-18,186,87,https://premierleague-static-files.s3.amazonaws.com/premierleague/photos/players/250x250/p11554.png,0,0
Wayne Hennessey,154,13,7,Goalkeeper,Wales,31,1987-01-24,198,90,https://premierleague-static-files.s3.amazonaws.com/premierleague/photos/players/250x250/p20066.png,0,0
Vicente Guaita,155,31,7,Goalkeeper,Spain,31,1987-01-10,190,81,https://premierleague-static-files.s3.amazonaws.com/premierleague/photos/players/250x250/p40836.png,0,0
Dion Henry,156,30,7,Goalkeeper,England,21,1997-09-12,180,65,https://premierleague-static-files.s3.amazonaws.com/premierleague/photos/players/250x250/p199806.png,0,0
Patrick van Aanholt,157,3,7,Defender,Netherlands,28,1990-08-29,176,74,https://premierleague-static-files.s3.amazonaws.com/premierleague/photos/players/250x250/p74230.png,0,0
James Tomkins,158,5,7,Defender,England,29,1989-03-29,192,74,https://premierleague-static-files.s3.amazonaws.com/premierleague/photos/players/250x250/p49413.png,0,0
Scott Dann,159,6,7,Defender,England,31,1987-02-14,188,76,https://premierleague-static-files.s3.amazonaws.com/premierleague/photos/players/250x250/p19188.png,0,0
Mamadou Sakho,160,12,7,Defender,France,28,1990-02-13,187,83,https://premierleague-static-files.s3.amazonaws.com/premierleague/photos/players/250x250/p40784.png,0,0
Jeffrey Schlupp,161,15,7,Defender,Ghana,26,1992-12-23,178,72,https://premierleague-static-files.s3.amazonaws.com/premierleague/photos/players/250x250/p86417.png,0,0
Pape Souaré,162,27,7,Defender,Senegal,28,1990-06-06,178,69,https://premierleague-static-files.s3.amazonaws.com/premierleague/photos/players/250x250/p79228.png,0,0
Aaron Wan-Bissaka,163,29,7,Defender,England,21,1997-11-26,183,72,https://premierleague-static-files.s3.amazonaws.com/premierleague/photos/players/250x250/p214590.png,0,0
Martin Kelly,164,34,7,Defender,England,28,1990-04-27,191,77,https://premierleague-static-files.s3.amazonaws.com/premierleague/photos/players/250x250/p58786.png,0,0
Jairo Riedewald,165,44,7,Defender,Netherlands,22,1996-09-09,182,79,https://premierleague-static-files.s3.amazonaws.com/premierleague/photos/players/250x250/p173954.png,0,0
Joel Ward,166,2,7,Defender,England,29,1989-10-29,188,83,https://premierleague-static-files.s3.amazonaws.com/premierleague/photos/players/250x250/p55494.png,0,0
Luka Milivojevic,167,4,7,Midfielder,Serbia,27,1991-04-07,186,80,https://premierleague-static-files.s3.amazonaws.com/premierleague/photos/players/250x250/p66975.png,0,0
Andros Townsend,168,10,7,Midfielder,England,27,1991-07-16,181,77,https://premierleague-static-files.s3.amazonaws.com/premierleague/photos/players/250x250/p60252.png,0,0
James McArthur,169,18,7,Midfielder,Scotland,31,1987-10-07,178,75,https://premierleague-static-files.s3.amazonaws.com/premierleague/photos/players/250x250/p50471.png,0,0
Jason Puncheon,170,42,7,Midfielder,England,32,1986-06-18,173,70,https://premierleague-static-files.s3.amazonaws.com/premierleague/photos/players/250x250/p19197.png,0,0
Sullay Kaikai,171,11,7,Midfielder,England,23,1995-08-26,182,73,https://platform-static-files.s3.amazonaws.com/premierleague/photos/players/250x250/Photo-Missing.png,0,0
Jonathan Williams,172,20,7,Midfielder,Wales,25,1993-10-09,168,60,https://premierleague-static-files.s3.amazonaws.com/premierleague/photos/players/250x250/p103100.png,0,0
Cheikhou Kouyaté,173,8,7,Midfielder,Senegal,29,1989-12-21,189,83,https://premierleague-static-files.s3.amazonaws.com/premierleague/photos/players/250x250/p55037.png,0,0
Max Meyer,174,7,7,Midfielder,Germany,23,1995-09-18,173,67,https://premierleague-static-files.s3.amazonaws.com/premierleague/photos/players/250x250/p141020.png,0,0
Alexander Sørloth,175,9,7,Forward,Norway,23,1995-12-05,193,90,https://premierleague-static-files.s3.amazonaws.com/premierleague/photos/players/250x250/p143877.png,0,0
Wilfried Zaha,176,11,7,Forward,Cote D'Ivoire,26,1992-11-10,180,66,https://premierleague-static-files.s3.amazonaws.com/premierleague/photos/players/250x250/p82403.png,0,0
Christian Benteke,177,17,7,Forward,Belgium,28,1990-12-03,190,83,https://premierleague-static-files.s3.amazonaws.com/premierleague/photos/players/250x250/p54861.png,0,0
Connor Wickham,178,21,7,Forward,England,25,1993-03-31,191,90,https://premierleague-static-files.s3.amazonaws.com/premierleague/photos/players/250x250/p59125.png,0,0
Jordan Ayew,179,14,7,Forward,Ghana,27,1991-09-11,182,80,https://premierleague-static-files.s3.amazonaws.com/premierleague/photos/players/250x250/p80146.png,0,0
Jordan Pickford,180,1,8,Goalkeeper,England,24,1994-03-07,185,77,https://premierleague-static-files.s3.amazonaws.com/premierleague/photos/players/250x250/p111234.png,0,0
Maarten Stekelenburg,181,22,8,Goalkeeper,Netherlands,36,1982-09-22,197,92,https://premierleague-static-files.s3.amazonaws.com/premierleague/photos/players/250x250/p10318.png,0,0
Mateusz Hewelt,182,41,8,Goalkeeper,Poland,22,1996-09-23,186,78,https://premierleague-static-files.s3.amazonaws.com/premierleague/photos/players/250x250/p185056.png,0,0
João Virgínia,183,33,8,Goalkeeper,Portugal,19,1999-10-10,191,83,https://premierleague-static-files.s3.amazonaws.com/premierleague/photos/players/250x250/p222627.png,0,0
Leighton Baines,184,3,8,Defender,England,34,1984-12-11,170,74,https://premierleague-static-files.s3.amazonaws.com/premierleague/photos/players/250x250/p12745.png,0,0
Michael Keane,185,4,8,Defender,England,25,1993-01-11,191,82,https://premierleague-static-files.s3.amazonaws.com/premierleague/photos/players/250x250/p106611.png,0,0
Phil Jagielka,186,6,8,Defender,England,36,1982-08-17,180,87,https://premierleague-static-files.s3.amazonaws.com/premierleague/photos/players/250x250/p7645.png,0,0
Seamus Coleman,187,23,8,Defender,Ireland,30,1988-10-11,177,67,https://premierleague-static-files.s3.amazonaws.com/premierleague/photos/players/250x250/p59949.png,0,0
Mason Holgate,188,2,8,Defender,England,22,1996-10-22,184,63,https://premierleague-static-files.s3.amazonaws.com/premierleague/photos/players/250x250/p194164.png,0,0
Jonjoe Kenny,189,43,8,Defender,England,21,1997-03-15,176,67,https://premierleague-static-files.s3.amazonaws.com/premierleague/photos/players/250x250/p153673.png,0,0
Lucas Digne,190,12,8,Defender,France,25,1993-07-20,178,74,https://premierleague-static-files.s3.amazonaws.com/premierleague/photos/players/250x250/p101188.png,0,0
Yerry Mina,191,13,8,Defender,Colombia,24,1994-09-23,195,94,https://premierleague-static-files.s3.amazonaws.com/premierleague/photos/players/250x250/p164511.png,0,0
Kurt Zouma,192,5,8,Defender,France,24,1994-10-27,190,96,https://premierleague-static-files.s3.amazonaws.com/premierleague/photos/players/250x250/p103192.png,0,0
Tyias Browning,193,18,8,Defender,England,24,1994-05-27,181,76,https://premierleague-static-files.s3.amazonaws.com/premierleague/photos/players/250x250/p149468.png,0,0
Morgan Schneiderlin,194,18,8,Midfielder,France,29,1989-11-08,181,75,https://premierleague-static-files.s3.amazonaws.com/premierleague/photos/players/250x250/p42774.png,0,0
James McCarthy,195,16,8,Midfielder,Ireland,28,1990-11-12,180,72,https://premierleague-static-files.s3.amazonaws.com/premierleague/photos/players/250x250/p50472.png,0,0
Idrissa Gueye,196,17,8,Midfielder,Senegal,29,1989-09-26,174,66,https://premierleague-static-files.s3.amazonaws.com/premierleague/photos/players/250x250/p80801.png,0,0
Gylfi Sigurdsson,197,10,8,Midfielder,Iceland,29,1989-09-08,186,79,https://premierleague-static-files.s3.amazonaws.com/premierleague/photos/players/250x250/p55422.png,0,0
Tom Davies,198,26,8,Midfielder,England,20,1998-06-30,180,70,https://premierleague-static-files.s3.amazonaws.com/premierleague/photos/players/250x250/p173807.png,0,0
Beni Baningime,199,34,8,Midfielder,The Democratic Republic Of Congo,20,1998-09-09,178,70,https://premierleague-static-files.s3.amazonaws.com/premierleague/photos/players/250x250/p195855.png,0,0
Kieran Dowell,200,20,8,Midfielder,England,21,1997-10-10,175,70,https://premierleague-static-files.s3.amazonaws.com/premierleague/photos/players/250x250/p171270.png,0,0
Bernard,201,20,8,Midfielder,Brazil,26,1992-09-08,166,57,https://premierleague-static-files.s3.amazonaws.com/premierleague/photos/players/250x250/p100649.png,0,0
André Gomes,202,8,8,Midfielder,Portugal,25,1993-07-30,188,84,https://premierleague-static-files.s3.amazonaws.com/premierleague/photos/players/250x250/p120250.png,0,0
Theo Walcott,203,11,8,Forward,England,29,1989-03-16,176,68,https://premierleague-static-files.s3.amazonaws.com/premierleague/photos/players/250x250/p20467.png,0,0
Cenk Tosun,204,14,8,Forward,Turkey,27,1991-06-07,183,78,https://premierleague-static-files.s3.amazonaws.com/premierleague/photos/players/250x250/p66838.png,0,0
Oumar Niasse,205,34,8,Forward,Senegal,28,1990-04-18,182,75,https://premierleague-static-files.s3.amazonaws.com/premierleague/photos/players/250x250/p113688.png,0,0
Dominic Calvert-Lewin,206,29,8,Forward,England,21,1997-03-16,176,71,https://premierleague-static-files.s3.amazonaws.com/premierleague/photos/players/250x250/p177815.png,0,0
Ademola Lookman,207,31,8,Forward,England,21,1997-10-20,174,78,https://premierleague-static-files.s3.amazonaws.com/premierleague/photos/players/250x250/p219352.png,0,0
Richarlison,208,30,8,Forward,Brazil,21,1997-05-10,179,71,https://premierleague-static-files.s3.amazonaws.com/premierleague/photos/players/250x250/p212319.png,0,0
Marcus Bettinelli,209,1,9,Goalkeeper,England,26,1992-05-24,194,82,https://premierleague-static-files.s3.amazonaws.com/premierleague/photos/players/250x250/p122074.png,0,0
Fabri,210,31,9,Goalkeeper,Spain,30,1987-12-31,185,67,https://premierleague-static-files.s3.amazonaws.com/premierleague/photos/players/250x250/p40559.png,0,0
Sergio Rico,211,25,9,Goalkeeper,Spain,25,1993-09-01,194,90,https://premierleague-static-files.s3.amazonaws.com/premierleague/photos/players/250x250/p94248.png,0,0
Denis Odoi,212,4,9,Defender,Belgium,30,1988-05-27,177,72,https://premierleague-static-files.s3.amazonaws.com/premierleague/photos/players/250x250/p72681.png,0,0
Tim Ream,213,13,9,Defender,United States,31,1987-10-05,186,79,https://premierleague-static-files.s3.amazonaws.com/premierleague/photos/players/250x250/p82514.png,0,0
Cyrus Christie,214,22,9,Defender,Ireland,26,1992-09-30,188,78,https://premierleague-static-files.s3.amazonaws.com/premierleague/photos/players/250x250/p87107.png,0,0
Maxime Le Marchand,215,20,9,Defender,France,29,1989-10-11,185,77,https://premierleague-static-files.s3.amazonaws.com/premierleague/photos/players/250x250/p61739.png,0,0
Alfie Mawson,216,26,9,Defender,England,24,1994-01-19,188,81,https://premierleague-static-files.s3.amazonaws.com/premierleague/photos/players/250x250/p149266.png,0,0
Calum Chambers,217,5,9,Defender,England,23,1995-01-20,182,66,https://platform-static-files.s3.amazonaws.com/premierleague/photos/players/250x250/Photo-Missing.png,0,0
Timothy Fosu-Mensah,218,21,9,Defender,Netherlands,20,1998-01-02,190,78,https://premierleague-static-files.s3.amazonaws.com/premierleague/photos/players/250x250/p201084.png,0,0
Joe Bryan,219,23,9,Defender,England,25,1993-09-17,170,72,https://premierleague-static-files.s3.amazonaws.com/premierleague/photos/players/250x250/p101105.png,0,0
Ryan Sessegnon,220,3,9,Midfielder,England,18,2000-05-18,178,70,https://premierleague-static-files.s3.amazonaws.com/premierleague/photos/players/250x250/p184349.png,0,0
Kevin McDonald,221,6,9,Midfielder,Scotland,30,1988-11-04,192,95,https://premierleague-static-files.s3.amazonaws.com/premierleague/photos/players/250x250/p55038.png,0,0
Neeskens Kebano,222,7,9,Midfielder,The Democratic Republic Of Congo,26,1992-03-10,170,65,https://premierleague-static-files.s3.amazonaws.com/premierleague/photos/players/250x250/p92259.png,0,0
Stefan Johansen,223,8,9,Midfielder,Norway,27,1991-01-08,182,78,https://premierleague-static-files.s3.amazonaws.com/premierleague/photos/players/250x250/p61916.png,0,0
Tom Cairney,224,10,9,Midfielder,Scotland,27,1991-01-20,185,83,https://premierleague-static-files.s3.amazonaws.com/premierleague/photos/players/250x250/p76357.png,0,0
Ibrahima Cissé,225,44,9,Midfielder,Guinea,24,1994-02-28,184,82,https://premierleague-static-files.s3.amazonaws.com/premierleague/photos/players/250x250/p109999.png,0,0
Jean Michael Seri,226,24,9,Midfielder,Cote D'Ivoire,27,1991-07-19,168,65,https://premierleague-static-files.s3.amazonaws.com/premierleague/photos/players/250x250/p170271.png,0,0
André Schürrle,227,14,9,Midfielder,Germany,28,1990-11-06,184,73,https://premierleague-static-files.s3.amazonaws.com/premierleague/photos/players/250x250/p66842.png,0,0
André-Frank Zambo Anguissa,228,29,9,Midfielder,Cameroon,23,1995-11-16,184,78,https://premierleague-static-files.s3.amazonaws.com/premierleague/photos/players/250x250/p203325.png,0,0
Luca De La Torre,229,36,9,Midfielder,United States,20,1998-05-23,178,67,https://premierleague-static-files.s3.amazonaws.com/premierleague/photos/players/250x250/p176414.png,0,0
Floyd Ayité,230,11,9,Forward,Togo,30,1988-12-15,175,73,https://premierleague-static-files.s3.amazonaws.com/premierleague/photos/players/250x250/p54421.png,0,0
Aboubakar Kamara,231,47,9,Forward,France,23,1995-03-07,177,76,https://premierleague-static-files.s3.amazonaws.com/premierleague/photos/players/250x250/p197030.png,0,0
Aleksandar Mitrovic,232,9,9,Forward,Serbia,24,1994-09-16,187,90,https://premierleague-static-files.s3.amazonaws.com/premierleague/photos/players/250x250/p128389.png,0,0
Luciano Vietto,233,19,9,Forward,Argentina,25,1993-12-05,174,69,https://premierleague-static-files.s3.amazonaws.com/premierleague/photos/players/250x250/p108093.png,0,0
Jonas Lössl,234,1,10,Goalkeeper,Denmark,29,1989-02-01,195,89,https://premierleague-static-files.s3.amazonaws.com/premierleague/photos/players/250x250/p57513.png,0,0
Ben Hamer,235,12,10,Goalkeeper,England,31,1987-11-20,192,91,https://premierleague-static-files.s3.amazonaws.com/premierleague/photos/players/250x250/p38038.png,0,0
Tommy Smith,236,2,10,Defender,England,26,1992-04-14,186,75,https://premierleague-static-files.s3.amazonaws.com/premierleague/photos/players/250x250/p104545.png,0,0
Chris Löwe,237,15,10,Defender,Germany,29,1989-04-16,175,68,https://premierleague-static-files.s3.amazonaws.com/premierleague/photos/players/250x250/p54284.png,0,0
Zanka,238,25,10,Defender,Denmark,28,1990-04-23,191,79,https://premierleague-static-files.s3.amazonaws.com/premierleague/photos/players/250x250/p48760.png,0,0
Christopher Schindler,239,26,10,Defender,Germany,28,1990-04-29,189,82,https://premierleague-static-files.s3.amazonaws.com/premierleague/photos/players/250x250/p85368.png,0,0
Jon Gorenc Stankovic,240,27,10,Defender,Slovenia,22,1996-01-14,190,78,https://premierleague-static-files.s3.amazonaws.com/premierleague/photos/players/250x250/p192301.png,0,0
Terence Kongolo,241,5,10,Defender,Netherlands,24,1994-02-14,188,70,https://premierleague-static-files.s3.amazonaws.com/premierleague/photos/players/250x250/p109434.png,0,0
Florent Hadergjonaj,242,33,10,Defender,Switzerland,24,1994-07-31,182,73,https://premierleague-static-files.s3.amazonaws.com/premierleague/photos/players/250x250/p172246.png,0,0
Erik Durm,243,37,10,Defender,Germany,26,1992-05-12,183,72,https://premierleague-static-files.s3.amazonaws.com/premierleague/photos/players/250x250/p118884.png,0,0
Jonathan Hogg,244,6,10,Midfielder,England,30,1988-12-06,170,67,https://premierleague-static-files.s3.amazonaws.com/premierleague/photos/players/250x250/p79619.png,0,0
Philip Billing,245,100,10,Midfielder,Denmark,22,1996-06-11,193,83,https://premierleague-static-files.s3.amazonaws.com/premierleague/photos/players/250x250/p168991.png,0,0
Aaron Mooy,246,10,10,Midfielder,Australia,28,1990-09-15,174,68,https://premierleague-static-files.s3.amazonaws.com/premierleague/photos/players/250x250/p74471.png,0,0
Abdelhamid Sabiri,247,29,10,Midfielder,Germany,22,1996-11-28,183,80,https://premierleague-static-files.s3.amazonaws.com/premierleague/photos/players/250x250/p246878.png,0,0
Rajiv van La Parra,248,17,10,Midfielder,Netherlands,27,1991-06-04,181,72,https://premierleague-static-files.s3.amazonaws.com/premierleague/photos/players/250x250/p51344.png,0,0
Danny Williams,249,19,10,Midfielder,United States,29,1989-03-08,182,79,https://premierleague-static-files.s3.amazonaws.com/premierleague/photos/players/250x250/p80755.png,0,0
Alex Pritchard,250,21,10,Midfielder,England,25,1993-05-03,171,62,https://premierleague-static-files.s3.amazonaws.com/premierleague/photos/players/250x250/p106450.png,0,0
Ramadan Sobhi,251,14,10,Midfielder,Egypt,21,1997-01-23,183,75,https://premierleague-static-files.s3.amazonaws.com/premierleague/photos/players/250x250/p205102.png,0,0
Juninho Bacuna,252,7,10,Midfielder,Netherlands,21,1997-08-07,178,74,https://premierleague-static-files.s3.amazonaws.com/premierleague/photos/players/250x250/p204380.png,0,0
Isaac Mbenza,253,18,10,Midfielder,Belgium,22,1996-03-08,187,77,https://premierleague-static-files.s3.amazonaws.com/premierleague/photos/players/250x250/p204454.png,0,0
Elias Kachunga,254,9,10,Forward,The Democratic Republic Of Congo,26,1992-04-22,178,74,https://premierleague-static-files.s3.amazonaws.com/premierleague/photos/players/250x250/p87428.png,0,0
Laurent Depoitre,255,20,10,Forward,Belgium,30,1988-12-07,191,91,https://premierleague-static-files.s3.amazonaws.com/premierleague/photos/players/250x250/p147303.png,0,0
Collin Quaner,256,23,10,Forward,Germany,27,1991-06-18,191,81,https://premierleague-static-files.s3.amazonaws.com/premierleague/photos/players/250x250/p84112.png,0,0
Steve Mounie,257,24,10,Forward,Benin,24,1994-09-29,190,83,https://premierleague-static-files.s3.amazonaws.com/premierleague/photos/players/250x250/p169141.png,0,0
Adama Diakhaby,258,11,10,Forward,France,22,1996-07-05,188,74,https://premierleague-static-files.s3.amazonaws.com/premierleague/photos/players/250x250/p233497.png,0,0
Kasper Schmeichel,259,1,11,Goalkeeper,Denmark,32,1986-11-05,189,89,https://premierleague-static-files.s3.amazonaws.com/premierleague/photos/players/250x250/p17745.png,0,0
Eldin Jakupovic,260,17,11,Goalkeeper,Switzerland,34,1984-10-02,191,85,https://premierleague-static-files.s3.amazonaws.com/premierleague/photos/players/250x250/p11974.png,0,0
Danny Ward,261,12,11,Goalkeeper,Wales,25,1993-06-22,191,88,https://premierleague-static-files.s3.amazonaws.com/premierleague/photos/players/250x250/p95463.png,0,0
Danny Simpson,262,2,11,Defender,England,31,1987-01-04,176,80,https://premierleague-static-files.s3.amazonaws.com/premierleague/photos/players/250x250/p40725.png,0,0
Ben Chilwell,263,3,11,Defender,England,22,1996-12-21,178,77,https://premierleague-static-files.s3.amazonaws.com/premierleague/photos/players/250x250/p172850.png,0,0
Wes Morgan,264,5,11,Defender,Jamaica,34,1984-01-21,186,101,https://platform-static-files.s3.amazonaws.com/premierleague/photos/players/250x250/Photo-Missing.png,0,0
Harry Maguire,265,15,11,Defender,England,25,1993-03-05,194,100,https://premierleague-static-files.s3.amazonaws.com/premierleague/photos/players/250x250/p95658.png,0,0
Christian Fuchs,266,28,11,Defender,Austria,32,1986-04-07,187,89,https://premierleague-static-files.s3.amazonaws.com/premierleague/photos/players/250x250/p37402.png,0,0
Yohan Benalouane,267,29,11,Defender,Tunisia,31,1987-03-28,185,86,https://premierleague-static-files.s3.amazonaws.com/premierleague/photos/players/250x250/p41321.png,0,0
Ricardo Pereira,268,14,11,Defender,Portugal,25,1993-10-06,175,70,https://premierleague-static-files.s3.amazonaws.com/premierleague/photos/players/250x250/p111931.png,0,0
Jonny Evans,269,6,11,Defender,Northern Ireland,30,1988-01-03,188,77,https://premierleague-static-files.s3.amazonaws.com/premierleague/photos/players/250x250/p37642.png,0,0
Caglar Söyüncü,270,4,11,Defender,Turkey,22,1996-05-23,185,82,https://premierleague-static-files.s3.amazonaws.com/premierleague/photos/players/250x250/p218031.png,0,0
Josh Knight,271,34,11,Defender,England,21,1997-09-07,185,78,https://premierleague-static-files.s3.amazonaws.com/premierleague/photos/players/250x250/p201667.png,0,0
Demarai Gray,272,7,11,Midfielder,England,22,1996-06-28,180,74,https://premierleague-static-files.s3.amazonaws.com/premierleague/photos/players/250x250/p172632.png,0,0
Marc Albrighton,273,11,11,Midfielder,England,29,1989-11-18,175,74,https://premierleague-static-files.s3.amazonaws.com/premierleague/photos/players/250x250/p51938.png,0,0
Adrien Silva,274,23,11,Midfielder,Portugal,29,1989-03-15,175,69,https://premierleague-static-files.s3.amazonaws.com/premierleague/photos/players/250x250/p46483.png,0,0
Daniel Amartey,275,18,11,Midfielder,Ghana,24,1994-12-21,186,79,https://premierleague-static-files.s3.amazonaws.com/premierleague/photos/players/250x250/p155569.png,0,0
Vicente Iborra,276,21,11,Midfielder,Spain,30,1988-01-16,190,91,https://premierleague-static-files.s3.amazonaws.com/premierleague/photos/players/250x250/p54513.png,0,0
Matty James,277,22,11,Midfielder,England,27,1991-07-22,181,86,https://premierleague-static-files.s3.amazonaws.com/premierleague/photos/players/250x250/p61604.png,0,0
Wilfred Ndidi,278,25,11,Midfielder,Nigeria,22,1996-12-16,183,74,https://premierleague-static-files.s3.amazonaws.com/premierleague/photos/players/250x250/p203341.png,0,0
James Maddison,279,10,11,Midfielder,England,22,1996-11-23,175,73,https://premierleague-static-files.s3.amazonaws.com/premierleague/photos/players/250x250/p172780.png,0,0
Andy King,280,24,11,Midfielder,Wales,30,1988-10-29,184,79,https://premierleague-static-files.s3.amazonaws.com/premierleague/photos/players/250x250/p13152.png,0,0
Nampalys Mendy,281,24,11,Midfielder,France,26,1992-06-23,167,73,https://premierleague-static-files.s3.amazonaws.com/premierleague/photos/players/250x250/p86881.png,0,0
Rachid Ghezzal,282,31,11,Midfielder,Algeria,26,1992-05-09,182,70,https://premierleague-static-files.s3.amazonaws.com/premierleague/photos/players/250x250/p115858.png,0,0
Hamza Choudhury,283,38,11,Midfielder,England,21,1997-10-01,178,64,https://premierleague-static-files.s3.amazonaws.com/premierleague/photos/players/250x250/p197469.png,0,0
Kelechi Iheanacho,284,8,11,Forward,Nigeria,22,1996-10-03,185,82,https://premierleague-static-files.s3.amazonaws.com/premierleague/photos/players/250x250/p173515.png,0,0
Jamie Vardy,285,9,11,Forward,England,31,1987-01-11,179,74,https://premierleague-static-files.s3.amazonaws.com/premierleague/photos/players/250x250/p101668.png,0,0
Shinji Okazaki,286,20,11,Forward,Japan,32,1986-04-16,174,70,https://premierleague-static-files.s3.amazonaws.com/premierleague/photos/players/250x250/p78412.png,0,0
Fousseni Diabaté,287,27,11,Forward,Mali,23,1995-10-18,175,60,https://premierleague-static-files.s3.amazonaws.com/premierleague/photos/players/250x250/p210207.png,0,0
Simon Mignolet,288,22,12,Goalkeeper,Belgium,30,1988-03-06,193,87,https://premierleague-static-files.s3.amazonaws.com/premierleague/photos/players/250x250/p66797.png,0,0
Alisson,289,13,12,Goalkeeper,Brazil,26,1992-10-02,191,91,https://premierleague-static-files.s3.amazonaws.com/premierleague/photos/players/250x250/p116535.png,0,0
Nathaniel Clyne,290,2,12,Defender,England,27,1991-04-05,175,67,https://premierleague-static-files.s3.amazonaws.com/premierleague/photos/players/250x250/p57328.png,0,0
Virgil van Dijk,291,4,12,Defender,Netherlands,27,1991-07-08,193,92,https://premierleague-static-files.s3.amazonaws.com/premierleague/photos/players/250x250/p97032.png,0,0
Dejan Lovren,292,6,12,Defender,Croatia,29,1989-07-05,188,84,https://premierleague-static-files.s3.amazonaws.com/premierleague/photos/players/250x250/p38454.png,0,0
Joseph Gomez,293,12,12,Defender,England,21,1997-05-23,188,77,https://premierleague-static-files.s3.amazonaws.com/premierleague/photos/players/250x250/p171287.png,0,0
Alberto Moreno,294,18,12,Defender,Spain,26,1992-07-05,171,65,https://premierleague-static-files.s3.amazonaws.com/premierleague/photos/players/250x250/p100059.png,0,0
Andrew Robertson,295,26,12,Defender,Scotland,24,1994-03-11,178,64,https://premierleague-static-files.s3.amazonaws.com/premierleague/photos/players/250x250/p122798.png,0,0
Joel Matip,296,32,12,Defender,Cameroon,27,1991-08-08,195,90,https://premierleague-static-files.s3.amazonaws.com/premierleague/photos/players/250x250/p60914.png,0,0
Trent Alexander-Arnold,297,66,12,Defender,England,20,1998-10-07,175,69,https://premierleague-static-files.s3.amazonaws.com/premierleague/photos/players/250x250/p169187.png,0,0
Georginio Wijnaldum,298,5,12,Midfielder,Netherlands,28,1990-11-11,175,69,https://premierleague-static-files.s3.amazonaws.com/premierleague/photos/players/250x250/p41733.png,0,0
James Milner,299,7,12,Midfielder,England,32,1986-01-04,175,70,https://premierleague-static-files.s3.amazonaws.com/premierleague/photos/players/250x250/p15157.png,0,0
Jordan Henderson,300,14,12,Midfielder,England,28,1990-06-17,182,67,https://premierleague-static-files.s3.amazonaws.com/premierleague/photos/players/250x250/p56979.png,0,0
Adam Lallana,301,20,12,Midfielder,England,30,1988-05-10,172,73,https://premierleague-static-files.s3.amazonaws.com/premierleague/photos/players/250x250/p39155.png,0,0
Alex Oxlade-Chamberlain,302,21,12,Midfielder,England,25,1993-08-15,180,70,https://premierleague-static-files.s3.amazonaws.com/premierleague/photos/players/250x250/p81880.png,0,0
Fabinho,303,3,12,Midfielder,Brazil,25,1993-10-23,188,78,https://premierleague-static-files.s3.amazonaws.com/premierleague/photos/players/250x250/p116643.png,0,0
Naby Keita,304,8,12,Midfielder,Guinea,23,1995-02-10,172,64,https://premierleague-static-files.s3.amazonaws.com/premierleague/photos/players/250x250/p175592.png,0,0
Lazar Markovic,305,50,12,Midfielder,Serbia,24,1994-03-02,175,65,https://premierleague-static-files.s3.amazonaws.com/premierleague/photos/players/250x250/p99323.png,0,0
Roberto Firmino,306,9,12,Forward,Brazil,27,1991-10-02,181,76,https://premierleague-static-files.s3.amazonaws.com/premierleague/photos/players/250x250/p92217.png,0,0
Mohamed Salah,307,11,12,Forward,Egypt,26,1992-06-15,175,71,https://premierleague-static-files.s3.amazonaws.com/premierleague/photos/players/250x250/p118748.png,0,0
Sadio Mané,308,10,12,Forward,Senegal,26,1992-04-10,175,69,https://premierleague-static-files.s3.amazonaws.com/premierleague/photos/players/250x250/p110979.png,0,0
Dominic Solanke,309,29,12,Forward,England,21,1997-09-14,187,80,https://premierleague-static-files.s3.amazonaws.com/premierleague/photos/players/250x250/p154566.png,0,0
Daniel Sturridge,310,15,12,Forward,England,29,1989-09-01,188,76,https://premierleague-static-files.s3.amazonaws.com/premierleague/photos/players/250x250/p40755.png,0,0
Divock Origi,311,27,12,Forward,Belgium,23,1995-04-18,185,75,https://platform-static-files.s3.amazonaws.com/premierleague/photos/players/250x250/Photo-Missing.png,0,0
Xherdan Shaqiri,312,23,12,Forward,Switzerland,27,1991-10-10,169,72,https://premierleague-static-files.s3.amazonaws.com/premierleague/photos/players/250x250/p68312.png,0,0
Rhian Brewster,313,24,12,Forward,England,18,2000-04-01,180,75,https://premierleague-static-files.s3.amazonaws.com/premierleague/photos/players/250x250/p195473.png,0,0
Claudio Bravo,314,1,13,Goalkeeper,Chile,35,1983-04-13,184,80,https://premierleague-static-files.s3.amazonaws.com/premierleague/photos/players/250x250/p33148.png,0,0
Ederson,315,31,13,Goalkeeper,Brazil,25,1993-08-17,188,86,https://premierleague-static-files.s3.amazonaws.com/premierleague/photos/players/250x250/p121160.png,0,0
Daniel Grimshaw,316,32,13,Goalkeeper,England,20,1998-01-16,185,77,https://premierleague-static-files.s3.amazonaws.com/premierleague/photos/players/250x250/p145232.png,0,0
Arijanet Muric,317,49,13,Goalkeeper,Kosovo,20,1998-11-07,198,81,https://premierleague-static-files.s3.amazonaws.com/premierleague/photos/players/250x250/p232917.png,0,0
Kyle Walker,318,2,13,Defender,England,28,1990-05-28,178,70,https://premierleague-static-files.s3.amazonaws.com/premierleague/photos/players/250x250/p58621.png,0,0
Danilo,319,3,13,Defender,Brazil,27,1991-07-15,184,78,https://premierleague-static-files.s3.amazonaws.com/premierleague/photos/players/250x250/p100180.png,0,0
Vincent Kompany,320,4,13,Defender,Belgium,32,1986-04-10,190,85,https://premierleague-static-files.s3.amazonaws.com/premierleague/photos/players/250x250/p17476.png,0,0
John Stones,321,5,13,Defender,England,24,1994-05-28,188,70,https://premierleague-static-files.s3.amazonaws.com/premierleague/photos/players/250x250/p97299.png,0,0
Aymeric Laporte,322,14,13,Defender,France,24,1994-05-27,191,86,https://premierleague-static-files.s3.amazonaws.com/premierleague/photos/players/250x250/p146941.png,0,0
Benjamin Mendy,323,22,13,Defender,France,24,1994-07-17,185,85,https://premierleague-static-files.s3.amazonaws.com/premierleague/photos/players/250x250/p102826.png,0,0
Nicolás Otamendi,324,30,13,Defender,Argentina,30,1988-02-12,183,81,https://premierleague-static-files.s3.amazonaws.com/premierleague/photos/players/250x250/p57410.png,0,0
Eliaquim Mangala,325,15,13,Defender,France,27,1991-02-13,188,84,https://premierleague-static-files.s3.amazonaws.com/premierleague/photos/players/250x250/p57112.png,0,0
Philippe Sandler,326,34,13,Defender,Netherlands,21,1997-02-10,188,76,https://premierleague-static-files.s3.amazonaws.com/premierleague/photos/players/250x250/p230428.png,0,0
Ilkay Gündogan,327,8,13,Midfielder,Germany,28,1990-10-24,180,79,https://premierleague-static-files.s3.amazonaws.com/premierleague/photos/players/250x250/p59859.png,0,0
Kevin De Bruyne,328,17,13,Midfielder,Belgium,27,1991-06-28,181,68,https://premierleague-static-files.s3.amazonaws.com/premierleague/photos/players/250x250/p61366.png,0,0
Fabian Delph,329,18,13,Midfielder,England,29,1989-11-21,174,60,https://premierleague-static-files.s3.amazonaws.com/premierleague/photos/players/250x250/p41823.png,0,0
Bernardo Silva,330,20,13,Midfielder,Portugal,24,1994-08-10,173,64,https://premierleague-static-files.s3.amazonaws.com/premierleague/photos/players/250x250/p165809.png,0,0
David Silva,331,21,13,Midfielder,Spain,32,1986-01-08,173,67,https://premierleague-static-files.s3.amazonaws.com/premierleague/photos/players/250x250/p20664.png,0,0
Fernandinho,332,25,13,Midfielder,Brazil,33,1985-05-04,179,67,https://premierleague-static-files.s3.amazonaws.com/premierleague/photos/players/250x250/p27789.png,0,0
Oleksandr Zinchenko,333,35,13,Midfielder,Ukraine,22,1996-12-15,175,64,https://premierleague-static-files.s3.amazonaws.com/premierleague/photos/players/250x250/p206325.png,0,0
Phil Foden,334,47,13,Midfielder,England,18,2000-05-28,171,70,https://premierleague-static-files.s3.amazonaws.com/premierleague/photos/players/250x250/p209244.png,0,0
Riyad Mahrez,335,26,13,Midfielder,Algeria,27,1991-02-21,179,67,https://premierleague-static-files.s3.amazonaws.com/premierleague/photos/players/250x250/p103025.png,0,0
Raheem Sterling,336,7,13,Forward,England,24,1994-12-08,170,69,https://premierleague-static-files.s3.amazonaws.com/premierleague/photos/players/250x250/p103955.png,0,0
Sergio Agüero,337,10,13,Forward,Argentina,30,1988-06-02,173,70,https://premierleague-static-files.s3.amazonaws.com/premierleague/photos/players/250x250/p37572.png,0,0
Leroy Sané,338,19,13,Forward,Germany,22,1996-01-11,183,75,https://premierleague-static-files.s3.amazonaws.com/premierleague/photos/players/250x250/p182156.png,0,0
Gabriel Jesus,339,33,13,Forward,Brazil,21,1997-04-03,175,73,https://premierleague-static-files.s3.amazonaws.com/premierleague/photos/players/250x250/p205651.png,0,0
Brahim Diaz,340,55,13,Forward,Spain,19,1999-08-03,170,68,https://premierleague-static-files.s3.amazonaws.com/premierleague/photos/players/250x250/p216183.png,0,0
David De Gea,341,1,14,Goalkeeper,Spain,28,1990-11-07,192,76,https://premierleague-static-files.s3.amazonaws.com/premierleague/photos/players/250x250/p51940.png,0,0
Sergio Romero,342,22,14,Goalkeeper,Argentina,31,1987-02-22,192,87,https://premierleague-static-files.s3.amazonaws.com/premierleague/photos/players/250x250/p42899.png,0,0
Lee Grant,343,13,14,Goalkeeper,England,35,1983-01-27,193,83,https://premierleague-static-files.s3.amazonaws.com/premierleague/photos/players/250x250/p6744.png,0,0
Victor Lindelöf,344,2,14,Defender,Sweden,24,1994-07-17,187,80,https://premierleague-static-files.s3.amazonaws.com/premierleague/photos/players/250x250/p184667.png,0,0
Eric Bailly,345,3,14,Defender,Cote D'Ivoire,24,1994-04-12,187,77,https://premierleague-static-files.s3.amazonaws.com/premierleague/photos/players/250x250/p197365.png,0,0
Phil Jones,346,4,14,Defender,England,26,1992-02-21,180,71,https://premierleague-static-files.s3.amazonaws.com/premierleague/photos/players/250x250/p76359.png,0,0
Marcos Rojo,347,16,14,Defender,Argentina,28,1990-03-20,187,85,https://premierleague-static-files.s3.amazonaws.com/premierleague/photos/players/250x250/p58893.png,0,0
Chris Smalling,348,12,14,Defender,England,29,1989-11-22,194,81,https://premierleague-static-files.s3.amazonaws.com/premierleague/photos/players/250x250/p55909.png,0,0
Ashley Young,349,18,14,Defender,England,33,1985-07-09,175,65,https://premierleague-static-files.s3.amazonaws.com/premierleague/photos/players/250x250/p18892.png,0,0
Luke Shaw,350,23,14,Defender,England,23,1995-07-12,185,75,https://premierleague-static-files.s3.amazonaws.com/premierleague/photos/players/250x250/p106760.png,0,0
Antonio Valencia,351,100,14,Defender,Ecuador,33,1985-08-04,180,83,https://premierleague-static-files.s3.amazonaws.com/premierleague/photos/players/250x250/p20695.png,0,0
Matteo Darmian,352,36,14,Defender,Italy,29,1989-12-02,182,70,https://premierleague-static-files.s3.amazonaws.com/premierleague/photos/players/250x250/p40002.png,0,0
Diogo Dalot,353,20,14,Defender,Portugal,19,1999-03-18,183,76,https://premierleague-static-files.s3.amazonaws.com/premierleague/photos/players/250x250/p216051.png,0,0
Paul Pogba,354,6,14,Midfielder,France,25,1993-03-15,191,84,https://premierleague-static-files.s3.amazonaws.com/premierleague/photos/players/250x250/p74208.png,0,0
Juan Mata,355,8,14,Midfielder,Spain,30,1988-04-28,170,63,https://premierleague-static-files.s3.amazonaws.com/premierleague/photos/players/250x250/p43670.png,0,0
Jesse Lingard,356,14,14,Midfielder,England,26,1992-12-15,175,62,https://platform-static-files.s3.amazonaws.com/premierleague/photos/players/250x250/Photo-Missing.png,0,0
Ander Herrera,357,21,14,Midfielder,Spain,29,1989-08-14,182,70,https://premierleague-static-files.s3.amazonaws.com/premierleague/photos/players/250x250/p59846.png,0,0
Marouane Fellaini,358,27,14,Midfielder,Belgium,31,1987-11-22,194,85,https://premierleague-static-files.s3.amazonaws.com/premierleague/photos/players/250x250/p41184.png,0,0
Nemanja Matic,359,31,14,Midfielder,Serbia,30,1988-08-01,194,85,https://premierleague-static-files.s3.amazonaws.com/premierleague/photos/players/250x250/p62398.png,0,0
Scott McTominay,360,39,14,Midfielder,Scotland,22,1996-12-08,193,88,https://premierleague-static-files.s3.amazonaws.com/premierleague/photos/players/250x250/p195851.png,0,0
Fred,361,17,14,Midfielder,Brazil,25,1993-03-05,169,64,https://premierleague-static-files.s3.amazonaws.com/premierleague/photos/players/250x250/p101582.png,0,0
Andreas Pereira,362,15,14,Midfielder,Brazil,22,1996-01-01,178,71,https://premierleague-static-files.s3.amazonaws.com/premierleague/photos/players/250x250/p156689.png,0,0
Tahith Chong,363,44,14,Midfielder,Netherlands,19,1999-12-04,185,75,https://premierleague-static-files.s3.amazonaws.com/premierleague/photos/players/250x250/p222677.png,0,0
Angel Gomes,364,47,14,Midfielder,England,18,2000-08-31,161,61,https://premierleague-static-files.s3.amazonaws.com/premierleague/photos/players/250x250/p209041.png,0,0
Alexis Sánchez,365,7,14,Forward,Chile,30,1988-12-19,169,62,https://premierleague-static-files.s3.amazonaws.com/premierleague/photos/players/250x250/p37265.png,0,0
Romelu Lukaku,366,9,14,Forward,Belgium,25,1993-05-13,190,93,https://premierleague-static-files.s3.amazonaws.com/premierleague/photos/players/250x250/p66749.png,0,0
Anthony Martial,367,11,14,Forward,France,23,1995-12-05,181,76,https://premierleague-static-files.s3.amazonaws.com/premierleague/photos/players/250x250/p148225.png,0,0
Marcus Rashford,368,10,14,Forward,England,21,1997-10-31,180,70,https://premierleague-static-files.s3.amazonaws.com/premierleague/photos/players/250x250/p176297.png,0,0
Robert Elliot,369,1,15,Goalkeeper,Ireland,32,1986-04-30,190,94,https://platform-static-files.s3.amazonaws.com/premierleague/photos/players/250x250/Photo-Missing.png,0,0
Martin Dubravka,370,12,15,Goalkeeper,Slovakia,29,1989-01-15,190,80,https://premierleague-static-files.s3.amazonaws.com/premierleague/photos/players/250x250/p67089.png,0,0
Karl Darlow,371,26,15,Goalkeeper,England,28,1990-10-08,190,88,https://premierleague-static-files.s3.amazonaws.com/premierleague/photos/players/250x250/p59735.png,0,0
Freddy Woodman,372,41,15,Goalkeeper,England,21,1997-03-04,188,83,https://premierleague-static-files.s3.amazonaws.com/premierleague/photos/players/250x250/p155503.png,0,0
Ciaran Clark,373,2,15,Defender,Ireland,29,1989-09-26,185,88,https://premierleague-static-files.s3.amazonaws.com/premierleague/photos/players/250x250/p58845.png,0,0
Paul Dummett,374,3,15,Defender,Wales,27,1991-09-26,183,82,https://premierleague-static-files.s3.amazonaws.com/premierleague/photos/players/250x250/p106618.png,0,0
Jamaal Lascelles,375,6,15,Defender,England,25,1993-11-11,188,89,https://premierleague-static-files.s3.amazonaws.com/premierleague/photos/players/250x250/p101148.png,0,0
Javier Manquillo,376,19,15,Defender,Spain,24,1994-05-05,178,76,https://premierleague-static-files.s3.amazonaws.com/premierleague/photos/players/250x250/p109528.png,0,0
Florian Lejeune,377,20,15,Defender,France,27,1991-05-20,189,89,https://premierleague-static-files.s3.amazonaws.com/premierleague/photos/players/250x250/p77359.png,0,0
DeAndre Yedlin,378,22,15,Defender,United States,25,1993-07-09,172,75,https://premierleague-static-files.s3.amazonaws.com/premierleague/photos/players/250x250/p151119.png,0,0
Jamie Sterry,379,42,15,Defender,England,23,1995-11-21,180,76,https://premierleague-static-files.s3.amazonaws.com/premierleague/photos/players/250x250/p181397.png,0,0
Fabian Schär,380,5,15,Defender,Switzerland,27,1991-12-20,188,84,https://premierleague-static-files.s3.amazonaws.com/premierleague/photos/players/250x250/p119471.png,0,0
Federico Fernández,381,18,15,Defender,Argentina,29,1989-02-21,190,83,https://premierleague-static-files.s3.amazonaws.com/premierleague/photos/players/250x250/p57145.png,0,0
Jacob Murphy,382,7,15,Midfielder,England,23,1995-02-24,179,74,https://premierleague-static-files.s3.amazonaws.com/premierleague/photos/players/250x250/p114243.png,0,0
Jonjo Shelvey,383,8,15,Midfielder,England,26,1992-02-27,184,80,https://premierleague-static-files.s3.amazonaws.com/premierleague/photos/players/250x250/p50232.png,0,0
Mohamed Diamé,384,10,15,Midfielder,Senegal,31,1987-06-14,184,86,https://premierleague-static-files.s3.amazonaws.com/premierleague/photos/players/250x250/p28147.png,0,0
Matt Ritchie,385,11,15,Midfielder,Scotland,29,1989-09-10,172,76,https://premierleague-static-files.s3.amazonaws.com/premierleague/photos/players/250x250/p56983.png,0,0
Isaac Hayden,386,14,15,Midfielder,England,23,1995-03-22,185,79,https://premierleague-static-files.s3.amazonaws.com/premierleague/photos/players/250x250/p153127.png,0,0
Christian Atsu,387,30,15,Midfielder,Ghana,26,1992-01-10,165,65,https://premierleague-static-files.s3.amazonaws.com/premierleague/photos/players/250x250/p104953.png,0,0
Ki Sung-yueng,388,4,15,Midfielder,South Korea,29,1989-01-24,189,75,https://premierleague-static-files.s3.amazonaws.com/premierleague/photos/players/250x250/p76542.png,0,0
Kenedy,389,15,15,Midfielder,Brazil,22,1996-02-08,182,77,https://premierleague-static-files.s3.amazonaws.com/premierleague/photos/players/250x250/p167767.png,0,0
Sean Longstaff,390,36,15,Midfielder,England,21,1997-10-30,180,65,https://premierleague-static-files.s3.amazonaws.com/premierleague/photos/players/250x250/p180135.png,0,0
Ayoze Pérez,391,17,15,Forward,Spain,25,1993-07-29,178,72,https://premierleague-static-files.s3.amazonaws.com/premierleague/photos/players/250x250/p168580.png,0,0
Joselu,392,21,15,Forward,Spain,28,1990-03-27,192,80,https://premierleague-static-files.s3.amazonaws.com/premierleague/photos/players/250x250/p61316.png,0,0
Yoshinori Muto,393,13,15,Forward,Japan,26,1992-07-15,178,72,https://premierleague-static-files.s3.amazonaws.com/premierleague/photos/players/250x250/p196118.png,0,0
Salomón Rondón,394,9,15,Forward,Venezuela,29,1989-09-16,186,98,https://premierleague-static-files.s3.amazonaws.com/premierleague/photos/players/250x250/p57134.png,0,0
Alex McCarthy,395,1,16,Goalkeeper,England,29,1989-12-03,193,79,https://premierleague-static-files.s3.amazonaws.com/premierleague/photos/players/250x250/p58376.png,0,0
Fraser Forster,396,44,16,Goalkeeper,England,30,1988-03-17,201,93,https://premierleague-static-files.s3.amazonaws.com/premierleague/photos/players/250x250/p40383.png,0,0
Angus Gunn,397,28,16,Goalkeeper,England,22,1996-01-22,196,77,https://premierleague-static-files.s3.amazonaws.com/premierleague/photos/players/250x250/p107265.png,0,0
Harry Lewis,398,41,16,Goalkeeper,England,21,1997-12-20,191,77,https://premierleague-static-files.s3.amazonaws.com/premierleague/photos/players/250x250/p198044.png,0,0
Cédric Soares,399,2,16,Defender,Portugal,27,1991-08-31,172,67,https://premierleague-static-files.s3.amazonaws.com/premierleague/photos/players/250x250/p58822.png,0,0
Maya Yoshida,400,3,16,Defender,Japan,30,1988-08-24,189,78,https://platform-static-files.s3.amazonaws.com/premierleague/photos/players/250x250/Photo-Missing.png,0,0
Jack Stephens,401,5,16,Defender,England,24,1994-01-27,185,75,https://premierleague-static-files.s3.amazonaws.com/premierleague/photos/players/250x250/p88900.png,0,0
Wesley Hoedt,402,6,16,Defender,Netherlands,24,1994-03-06,188,77,https://premierleague-static-files.s3.amazonaws.com/premierleague/photos/players/250x250/p167075.png,0,0
Ryan Bertrand,403,21,16,Defender,England,29,1989-08-05,179,85,https://premierleague-static-files.s3.amazonaws.com/premierleague/photos/players/250x250/p40146.png,0,0
Jan Bednarek,404,35,16,Defender,Poland,22,1996-04-12,189,77,https://premierleague-static-files.s3.amazonaws.com/premierleague/photos/players/250x250/p171771.png,0,0
Matt Targett,405,33,16,Defender,England,23,1995-09-18,183,70,https://premierleague-static-files.s3.amazonaws.com/premierleague/photos/players/250x250/p169359.png,0,0
Yan Valery,406,43,16,Defender,France,19,1999-02-22,180,85,https://premierleague-static-files.s3.amazonaws.com/premierleague/photos/players/250x250/p213482.png,0,0
Jannik Vestergaard,407,4,16,Defender,Denmark,26,1992-08-03,199,96,https://premierleague-static-files.s3.amazonaws.com/premierleague/photos/players/250x250/p93100.png,0,0
Steven Davis,408,8,16,Midfielder,Northern Ireland,33,1985-01-01,173,70,https://premierleague-static-files.s3.amazonaws.com/premierleague/photos/players/250x250/p17339.png,0,0
Oriol Romeu,409,14,16,Midfielder,Spain,27,1991-09-24,183,83,https://premierleague-static-files.s3.amazonaws.com/premierleague/photos/players/250x250/p78056.png,0,0
James Ward-Prowse,410,16,16,Midfielder,England,24,1994-11-01,173,66,https://premierleague-static-files.s3.amazonaws.com/premierleague/photos/players/250x250/p101178.png,0,0
Mario Lemina,411,18,16,Midfielder,Gabon,25,1993-09-01,184,85,https://premierleague-static-files.s3.amazonaws.com/premierleague/photos/players/250x250/p151086.png,0,0
Nathan Redmond,412,22,16,Midfielder,England,24,1994-03-06,173,69,https://premierleague-static-files.s3.amazonaws.com/premierleague/photos/players/250x250/p83283.png,0,0
Pierre-Emile Højbjerg,413,23,16,Midfielder,Denmark,23,1995-08-05,185,84,https://premierleague-static-files.s3.amazonaws.com/premierleague/photos/players/250x250/p132015.png,0,0
Stuart Armstrong,414,17,16,Midfielder,Scotland,26,1992-03-30,183,75,https://premierleague-static-files.s3.amazonaws.com/premierleague/photos/players/250x250/p91047.png,0,0
Mohamed Elyounoussi,415,11,16,Midfielder,Norway,24,1994-08-04,178,70,https://premierleague-static-files.s3.amazonaws.com/premierleague/photos/players/250x250/p96787.png,0,0
Shane Long,416,7,16,Forward,Ireland,31,1987-01-22,178,81,https://premierleague-static-files.s3.amazonaws.com/premierleague/photos/players/250x250/p20452.png,0,0
Charlie Austin,417,10,16,Forward,England,29,1989-07-05,188,84,https://premierleague-static-files.s3.amazonaws.com/premierleague/photos/players/250x250/p78356.png,0,0
Manolo Gabbiadini,418,20,16,Forward,Italy,27,1991-11-26,181,72,https://premierleague-static-files.s3.amazonaws.com/premierleague/photos/players/250x250/p61548.png,0,0
Sam Gallagher,419,18,16,Forward,England,23,1995-09-15,194,75,https://premierleague-static-files.s3.amazonaws.com/premierleague/photos/players/250x250/p153371.png,0,0
Danny Ings,420,9,16,Forward,England,26,1992-07-23,178,73,https://premierleague-static-files.s3.amazonaws.com/premierleague/photos/players/250x250/p84939.png,0,0
Michael Obafemi,421,61,16,Forward,Ireland,18,2000-07-06,169,71,https://premierleague-static-files.s3.amazonaws.com/premierleague/photos/players/250x250/p220598.png,0,0
Hugo Lloris,422,1,17,Goalkeeper,France,32,1986-12-26,188,82,https://premierleague-static-files.s3.amazonaws.com/premierleague/photos/players/250x250/p37915.png,0,0
Michel Vorm,423,13,17,Goalkeeper,Netherlands,35,1983-10-20,183,84,https://premierleague-static-files.s3.amazonaws.com/premierleague/photos/players/250x250/p39215.png,0,0
Paulo Gazzaniga,424,22,17,Goalkeeper,Argentina,26,1992-01-02,196,90,https://premierleague-static-files.s3.amazonaws.com/premierleague/photos/players/250x250/p102884.png,0,0
Alfie Whiteman,425,41,17,Goalkeeper,England,20,1998-10-02,189,84,https://premierleague-static-files.s3.amazonaws.com/premierleague/photos/players/250x250/p175941.png,0,0
Kieran Trippier,426,2,17,Defender,England,28,1990-09-19,178,71,https://premierleague-static-files.s3.amazonaws.com/premierleague/photos/players/250x250/p77794.png,0,0
Danny Rose,427,3,17,Defender,England,28,1990-07-02,173,72,https://premierleague-static-files.s3.amazonaws.com/premierleague/photos/players/250x250/p38290.png,0,0
Toby Alderweireld,428,4,17,Defender,Belgium,29,1989-03-02,187,90,https://premierleague-static-files.s3.amazonaws.com/premierleague/photos/players/250x250/p55605.png,0,0
Jan Vertonghen,429,5,17,Defender,Belgium,31,1987-04-24,189,87,https://premierleague-static-files.s3.amazonaws.com/premierleague/photos/players/250x250/p39194.png,0,0
Davinson Sánchez,430,6,17,Defender,Colombia,22,1996-06-12,187,81,https://premierleague-static-files.s3.amazonaws.com/premierleague/photos/players/250x250/p173904.png,0,0
Juan Foyth,431,21,17,Defender,Argentina,20,1998-01-12,179,69,https://premierleague-static-files.s3.amazonaws.com/premierleague/photos/players/250x250/p234908.png,0,0
Serge Aurier,432,24,17,Defender,Cote D'Ivoire,26,1992-12-24,176,76,https://premierleague-static-files.s3.amazonaws.com/premierleague/photos/players/250x250/p80226.png,0,0
Ben Davies,433,33,17,Defender,Wales,25,1993-04-24,181,76,https://premierleague-static-files.s3.amazonaws.com/premierleague/photos/players/250x250/p115556.png,0,0
Kyle Walker-Peters,434,16,17,Defender,England,21,1997-04-13,173,62,https://premierleague-static-files.s3.amazonaws.com/premierleague/photos/players/250x250/p158534.png,0,0
Erik Lamela,435,11,17,Midfielder,Argentina,26,1992-03-04,181,79,https://premierleague-static-files.s3.amazonaws.com/premierleague/photos/players/250x250/p62974.png,0,0
Victor Wanyama,436,12,17,Midfielder,Kenya,27,1991-06-25,188,80,https://premierleague-static-files.s3.amazonaws.com/premierleague/photos/players/250x250/p54756.png,0,0
Eric Dier,437,15,17,Midfielder,England,24,1994-01-15,188,88,https://premierleague-static-files.s3.amazonaws.com/premierleague/photos/players/250x250/p93264.png,0,0
Moussa Sissoko,438,17,17,Midfielder,France,29,1989-08-16,187,83,https://premierleague-static-files.s3.amazonaws.com/premierleague/photos/players/250x250/p45268.png,0,0
Mousa Dembélé,439,19,17,Midfielder,Belgium,31,1987-07-16,185,87,https://premierleague-static-files.s3.amazonaws.com/premierleague/photos/players/250x250/p39104.png,0,0
Dele Alli,440,20,17,Midfielder,England,22,1996-04-11,188,76,https://premierleague-static-files.s3.amazonaws.com/premierleague/photos/players/250x250/p108823.png,0,0
Christian Eriksen,441,23,17,Midfielder,Denmark,26,1992-02-14,182,76,https://platform-static-files.s3.amazonaws.com/premierleague/photos/players/250x250/Photo-Missing.png,0,0
Lucas Moura,442,27,17,Midfielder,Brazil,26,1992-08-13,172,72,https://premierleague-static-files.s3.amazonaws.com/premierleague/photos/players/250x250/p95715.png,0,0
Harry Winks,443,8,17,Midfielder,England,22,1996-02-02,178,65,https://premierleague-static-files.s3.amazonaws.com/premierleague/photos/players/250x250/p157668.png,0,0
Georges-Kévin Nkoudou,444,14,17,Midfielder,France,23,1995-02-13,174,68,https://premierleague-static-files.s3.amazonaws.com/premierleague/photos/players/250x250/p168566.png,0,0
Luke Amos,445,14,17,Midfielder,England,21,1997-02-23,179,70,https://premierleague-static-files.s3.amazonaws.com/premierleague/photos/players/250x250/p168764.png,0,0
Son Heung-Min,446,7,17,Forward,South Korea,26,1992-07-08,183,78,https://premierleague-static-files.s3.amazonaws.com/premierleague/photos/players/250x250/p85971.png,0,0
Harry Kane,447,10,17,Forward,England,25,1993-07-28,188,86,https://premierleague-static-files.s3.amazonaws.com/premierleague/photos/players/250x250/p78830.png,0,0
Fernando Llorente,448,18,17,Forward,Spain,33,1985-02-26,193,90,https://premierleague-static-files.s3.amazonaws.com/premierleague/photos/players/250x250/p19760.png,0,0
Vincent Janssen,449,9,17,Forward,Netherlands,24,1994-06-15,180,79,https://premierleague-static-files.s3.amazonaws.com/premierleague/photos/players/250x250/p165990.png,0,0
Heurelho Gomes,450,1,18,Goalkeeper,Brazil,37,1981-02-15,191,91,https://premierleague-static-files.s3.amazonaws.com/premierleague/photos/players/250x250/p18656.png,0,0
Pontus Dahlberg,451,30,18,Goalkeeper,Sweden,19,1999-01-21,194,84,https://premierleague-static-files.s3.amazonaws.com/premierleague/photos/players/250x250/p206882.png,0,0
Ben Foster,452,26,18,Goalkeeper,England,35,1983-04-03,193,79,https://premierleague-static-files.s3.amazonaws.com/premierleague/photos/players/250x250/p9089.png,0,0
Ben Wilmot,453,24,18,Defender,England,19,1999-11-04,188,80,https://premierleague-static-files.s3.amazonaws.com/premierleague/photos/players/250x250/p241289.png,0,0
Daryl Janmaat,454,2,18,Defender,Netherlands,29,1989-07-22,185,80,https://premierleague-static-files.s3.amazonaws.com/premierleague/photos/players/250x250/p52940.png,0,0
Miguel Britos,455,3,18,Defender,Uruguay,33,1985-07-17,188,82,https://premierleague-static-files.s3.amazonaws.com/premierleague/photos/players/250x250/p52153.png,0,0
Younes Kaboul,456,4,18,Defender,France,32,1986-01-04,193,87,https://premierleague-static-files.s3.amazonaws.com/premierleague/photos/players/250x250/p37742.png,0,0
Sebastian Prödl,457,5,18,Defender,Austria,31,1987-06-21,194,92,https://premierleague-static-files.s3.amazonaws.com/premierleague/photos/players/250x250/p41945.png,0,0
Adrian Mariappa,458,6,18,Defender,Jamaica,32,1986-10-03,180,78,https://premierleague-static-files.s3.amazonaws.com/premierleague/photos/players/250x250/p20145.png,0,0
Craig Cathcart,459,15,18,Defender,Northern Ireland,29,1989-02-06,188,73,https://premierleague-static-files.s3.amazonaws.com/premierleague/photos/players/250x250/p41338.png,0,0
Kiko Femenía,460,21,18,Defender,Spain,27,1991-02-02,176,61,https://premierleague-static-files.s3.amazonaws.com/premierleague/photos/players/250x250/p54484.png,0,0
Marvin Zeegelaar,461,22,18,Defender,Netherlands,28,1990-08-12,186,84,https://premierleague-static-files.s3.amazonaws.com/premierleague/photos/players/250x250/p66247.png,0,0
José Holebas,462,25,18,Defender,Greece,34,1984-06-27,184,77,https://premierleague-static-files.s3.amazonaws.com/premierleague/photos/players/250x250/p40868.png,0,0
Christian Kabasele,463,27,18,Defender,Belgium,27,1991-02-24,188,86,https://premierleague-static-files.s3.amazonaws.com/premierleague/photos/players/250x250/p85624.png,0,0
Marc Navarro,464,23,18,Defender,Spain,23,1995-07-02,188,79,https://premierleague-static-files.s3.amazonaws.com/premierleague/photos/players/250x250/p220166.png,0,0
Adam Masina,465,11,18,Defender,Italy,24,1994-01-02,189,78,https://premierleague-static-files.s3.amazonaws.com/premierleague/photos/players/250x250/p155651.png,0,0
Tom Cleverley,466,8,18,Midfielder,England,29,1989-08-12,175,67,https://premierleague-static-files.s3.amazonaws.com/premierleague/photos/players/250x250/p43250.png,0,0
Nathaniel Chalobah,467,14,18,Midfielder,England,24,1994-12-12,187,80,https://premierleague-static-files.s3.amazonaws.com/premierleague/photos/players/250x250/p89085.png,0,0
Abdoulaye Doucouré,468,16,18,Midfielder,France,25,1993-01-01,184,75,https://premierleague-static-files.s3.amazonaws.com/premierleague/photos/players/250x250/p121599.png,0,0
Will Hughes,469,19,18,Midfielder,England,23,1995-04-17,185,74,https://premierleague-static-files.s3.amazonaws.com/premierleague/photos/players/250x250/p108413.png,0,0
Etienne Capoue,470,29,18,Midfielder,France,30,1988-07-11,189,80,https://premierleague-static-files.s3.amazonaws.com/premierleague/photos/players/250x250/p38439.png,0,0
Roberto Pereyra,471,37,18,Midfielder,Argentina,27,1991-01-07,182,77,https://premierleague-static-files.s3.amazonaws.com/premierleague/photos/players/250x250/p61566.png,0,0
Ken Sema,472,12,18,Midfielder,Sweden,25,1993-09-30,180,69,https://premierleague-static-files.s3.amazonaws.com/premierleague/photos/players/250x250/p157775.png,0,0
Domingos Quina,473,20,18,Midfielder,Portugal,19,1999-11-18,179,72,https://premierleague-static-files.s3.amazonaws.com/premierleague/photos/players/250x250/p216058.png,0,0
Troy Deeney,474,9,18,Forward,England,30,1988-06-29,183,90,https://premierleague-static-files.s3.amazonaws.com/premierleague/photos/players/250x250/p41725.png,0,0
Andre Gray,475,18,18,Forward,England,27,1991-06-26,178,83,https://premierleague-static-files.s3.amazonaws.com/premierleague/photos/players/250x250/p73426.png,0,0
Stefano Okaka,476,33,18,Forward,Italy,29,1989-08-09,186,82,https://premierleague-static-files.s3.amazonaws.com/premierleague/photos/players/250x250/p20046.png,0,0
Gerard Deulofeu,477,7,18,Forward,Spain,24,1994-03-13,177,73,https://premierleague-static-files.s3.amazonaws.com/premierleague/photos/players/250x250/p94924.png,0,0
Isaac Success,478,10,18,Forward,Nigeria,22,1996-01-07,186,86,https://premierleague-static-files.s3.amazonaws.com/premierleague/photos/players/250x250/p173514.png,0,0
Adalberto Peñaranda,479,11,18,Forward,Venezuela,21,1997-05-31,185,83,https://premierleague-static-files.s3.amazonaws.com/premierleague/photos/players/250x250/p194401.png,0,0
Adrián,480,13,19,Goalkeeper,Spain,31,1987-01-03,190,80,https://premierleague-static-files.s3.amazonaws.com/premierleague/photos/players/250x250/p60706.png,0,0
Lukasz Fabianski,481,1,19,Goalkeeper,Poland,33,1985-04-18,190,83,https://premierleague-static-files.s3.amazonaws.com/premierleague/photos/players/250x250/p37096.png,0,0
Winston Reid,482,2,19,Defender,New Zealand,30,1988-07-03,190,87,https://premierleague-static-files.s3.amazonaws.com/premierleague/photos/players/250x250/p48717.png,0,0
Aaron Cresswell,483,3,19,Defender,England,29,1989-12-15,170,66,https://premierleague-static-files.s3.amazonaws.com/premierleague/photos/players/250x250/p55459.png,0,0
Pablo Zabaleta,484,5,19,Defender,Argentina,33,1985-01-16,176,74,https://premierleague-static-files.s3.amazonaws.com/premierleague/photos/players/250x250/p20658.png,0,0
Angelo Ogbonna,485,21,19,Defender,Italy,30,1988-05-23,191,86,https://premierleague-static-files.s3.amazonaws.com/premierleague/photos/players/250x250/p40669.png,0,0
Arthur Masuaku,486,26,19,Defender,The Democratic Republic Of Congo,25,1993-11-07,179,70,https://premierleague-static-files.s3.amazonaws.com/premierleague/photos/players/250x250/p105717.png,0,0
Ryan Fredericks,487,24,19,Defender,England,26,1992-10-10,181,74,https://premierleague-static-files.s3.amazonaws.com/premierleague/photos/players/250x250/p81012.png,0,0
Issa Diop,488,23,19,Defender,France,21,1997-01-09,194,92,https://premierleague-static-files.s3.amazonaws.com/premierleague/photos/players/250x250/p219924.png,0,0
Reece Oxford,489,35,19,Defender,England,20,1998-12-16,191,78,https://premierleague-static-files.s3.amazonaws.com/premierleague/photos/players/250x250/p173792.png,0,0
Fabián Balbuena,490,4,19,Defender,Paraguay,27,1991-08-23,188,82,https://premierleague-static-files.s3.amazonaws.com/premierleague/photos/players/250x250/p166640.png,0,0
Manuel Lanzini,491,10,19,Midfielder,Argentina,25,1993-02-15,167,59,https://premierleague-static-files.s3.amazonaws.com/premierleague/photos/players/250x250/p86934.png,0,0
Pedro Obiang,492,14,19,Midfielder,Equatorial Guinea,26,1992-03-27,185,75,https://premierleague-static-files.s3.amazonaws.com/premierleague/photos/players/250x250/p59779.png,0,0
Mark Noble,493,16,19,Midfielder,England,31,1987-05-08,180,70,https://premierleague-static-files.s3.amazonaws.com/premierleague/photos/players/250x250/p18073.png,0,0
Michail Antonio,494,30,19,Midfielder,England,28,1990-03-28,180,82,https://premierleague-static-files.s3.amazonaws.com/premierleague/photos/players/250x250/p57531.png,0,0
Declan Rice,495,41,19,Midfielder,Ireland,19,1999-01-14,185,76,https://premierleague-static-files.s3.amazonaws.com/premierleague/photos/players/250x250/p204480.png,0,0
Robert Snodgrass,496,7,19,Midfielder,Scotland,31,1987-09-07,182,82,https://premierleague-static-files.s3.amazonaws.com/premierleague/photos/players/250x250/p18987.png,0,0
Jack Wilshere,497,19,19,Midfielder,England,26,1992-01-01,172,68,https://premierleague-static-files.s3.amazonaws.com/premierleague/photos/players/250x250/p54102.png,0,0
Felipe Anderson,498,8,19,Midfielder,Brazil,25,1993-04-15,175,70,https://premierleague-static-files.s3.amazonaws.com/premierleague/photos/players/250x250/p101537.png,0,0
Nathan Holland,499,37,19,Midfielder,England,20,1998-06-19,178,70,https://premierleague-static-files.s3.amazonaws.com/premierleague/photos/players/250x250/p183487.png,0,0
Carlos Sánchez,500,15,19,Midfielder,Colombia,32,1986-02-06,182,80,https://premierleague-static-files.s3.amazonaws.com/premierleague/photos/players/250x250/p42824.png,0,0
Grady Diangana,501,45,19,Midfielder,England,20,1998-04-19,180,73,https://premierleague-static-files.s3.amazonaws.com/premierleague/photos/players/250x250/p179830.png,0,0
Marko Arnautovic,502,7,19,Forward,Austria,29,1989-04-19,192,83,https://premierleague-static-files.s3.amazonaws.com/premierleague/photos/players/250x250/p41464.png,0,0
Andy Carroll,503,9,19,Forward,England,29,1989-01-06,193,79,https://premierleague-static-files.s3.amazonaws.com/premierleague/photos/players/250x250/p40142.png,0,0
Chicharito,504,17,19,Forward,Mexico,30,1988-06-01,175,73,https://premierleague-static-files.s3.amazonaws.com/premierleague/photos/players/250x250/p43020.png,0,0
Andriy Yarmolenko,505,20,19,Forward,Ukraine,29,1989-10-23,189,81,https://premierleague-static-files.s3.amazonaws.com/premierleague/photos/players/250x250/p56377.png,0,0
Lucas Pérez,506,27,19,Forward,Spain,30,1988-09-10,180,82,https://premierleague-static-files.s3.amazonaws.com/premierleague/photos/players/250x250/p155851.png,0,0
Xande Silva,507,32,19,Forward,Portugal,21,1997-03-16,177,69,https://premierleague-static-files.s3.amazonaws.com/premierleague/photos/players/250x250/p209925.png,0,0
John Ruddy,508,21,20,Goalkeeper,England,32,1986-10-24,193,97,https://premierleague-static-files.s3.amazonaws.com/premierleague/photos/players/250x250/p19236.png,0,0
Will Norris,509,31,20,Goalkeeper,England,25,1993-08-12,195,74,https://premierleague-static-files.s3.amazonaws.com/premierleague/photos/players/250x250/p168399.png,0,0
Rui Patrício,510,11,20,Goalkeeper,Portugal,30,1988-02-15,190,84,https://premierleague-static-files.s3.amazonaws.com/premierleague/photos/players/250x250/p38533.png,0,0
Matt Doherty,511,2,20,Defender,Ireland,26,1992-01-16,182,80,https://premierleague-static-files.s3.amazonaws.com/premierleague/photos/players/250x250/p87835.png,0,0
Ryan Bennett,512,5,20,Defender,England,28,1990-03-06,188,70,https://premierleague-static-files.s3.amazonaws.com/premierleague/photos/players/250x250/p41727.png,0,0
Conor Coady,513,16,20,Defender,England,25,1993-02-25,185,73,https://premierleague-static-files.s3.amazonaws.com/premierleague/photos/players/250x250/p94147.png,0,0
Kortney Hause,514,30,20,Defender,England,23,1995-07-16,189,77,https://premierleague-static-files.s3.amazonaws.com/premierleague/photos/players/250x250/p123354.png,0,0
Willy Boly,515,15,20,Defender,France,27,1991-02-03,195,92,https://premierleague-static-files.s3.amazonaws.com/premierleague/photos/players/250x250/p90585.png,0,0
Rúben Vinagre,516,29,20,Defender,Portugal,19,1999-04-09,174,64,https://premierleague-static-files.s3.amazonaws.com/premierleague/photos/players/250x250/p216054.png,0,0
Jonny,517,19,20,Defender,Spain,24,1994-03-03,175,70,https://premierleague-static-files.s3.amazonaws.com/premierleague/photos/players/250x250/p114128.png,0,0
Rúben Neves,518,8,20,Midfielder,Portugal,21,1997-03-13,180,72,https://premierleague-static-files.s3.amazonaws.com/premierleague/photos/players/250x250/p171317.png,0,0
Romain Saïss,519,27,20,Midfielder,Morocco,28,1990-03-26,190,80,https://premierleague-static-files.s3.amazonaws.com/premierleague/photos/players/250x250/p107613.png,0,0
Diogo Jota,520,18,20,Midfielder,Portugal,22,1996-12-04,178,70,https://premierleague-static-files.s3.amazonaws.com/premierleague/photos/players/250x250/p194634.png,0,0
João Moutinho,521,28,20,Midfielder,Portugal,32,1986-09-08,170,61,https://premierleague-static-files.s3.amazonaws.com/premierleague/photos/players/250x250/p19624.png,0,0
Leander Dendoncker,522,32,20,Midfielder,Belgium,23,1995-04-15,188,76,https://premierleague-static-files.s3.amazonaws.com/premierleague/photos/players/250x250/p151589.png,0,0
Ivan Cavaleiro,523,7,20,Forward,Portugal,25,1993-10-18,175,73,https://premierleague-static-files.s3.amazonaws.com/premierleague/photos/players/250x250/p166324.png,0,0
Hélder Costa,524,10,20,Forward,Portugal,24,1994-01-12,178,73,https://premierleague-static-files.s3.amazonaws.com/premierleague/photos/players/250x250/p165808.png,0,0
Léo Bonatini,525,33,20,Forward,Brazil,24,1994-03-28,185,80,https://premierleague-static-files.s3.amazonaws.com/premierleague/photos/players/250x250/p141569.png,0,0
Raúl Jiménez,526,9,20,Forward,Mexico,27,1991-05-05,190,76,https://premierleague-static-files.s3.amazonaws.com/premierleague/photos/players/250x250/p102057.png,0,0
Adama Traoré,527,37,20,Forward,Spain,22,1996-01-25,178,72,https://premierleague-static-files.s3.amazonaws.com/premierleague/photos/players/250x250/p159533.png,0,0
